case_id,time,side,action,source,range,current_price,score
es_20260828_1345_short_7726_control,13:45:45,supply,FORM,candidate,719.50-719.75,7719.75,8.13
es_20260828_1345_short_7726_control,13:46:08,supply,TEST,demand_consumed,722.25-729.25,7721.5,30.334
es_20260828_1345_short_7726_control,13:46:13,supply,TEST,demand_consumed,722.75-723,7721.75,8.153
es_20260828_1345_short_7726_control,13:46:19,demand,FORM,candidate,721.75-722.75,7722.75,8.408
es_20260828_1345_short_7726_control,13:46:23,demand,OWNED,demand_lean,719.25-719.75,7723.25,22.343
es_20260828_1345_short_7726_control,13:46:23,demand,CONSUMED,supply_consumed,719.50-719.75,7723.25,8.13
es_20260828_1345_short_7726_control,13:46:24,supply,FAIL,demand_consumed,718.50-721.50,7723.5,17.472
es_20260828_1345_short_7726_control,13:46:31,demand,CONSUMED,supply_consumed,717-721,7723.5,13.188
es_20260828_1345_short_7726_control,13:46:36,supply,FAIL,demand_consumed,719-722.75,7723.75,28.688
es_20260828_1345_short_7726_control,13:46:56,supply,FAIL,demand_consumed,722.75-723,7723.75,8.153
es_20260828_1345_short_7726_control,13:47:58,demand,TEST,supply_consumed,717-721,7721.75,13.188
es_20260828_1345_short_7726_control,13:48:11,demand,HOLD,supply_consumed,717-721,7723.5,13.188
es_20260828_1345_short_7726_control,13:48:13,supply,FORM,candidate,723-723.75,7723.75,8.168
es_20260828_1345_short_7726_control,13:49:17,supply,TEST,supply_lean,726-733.75,7725.0,69.016
es_20260828_1345_short_7726_control,13:49:34,supply,TEST,supply_lean,727-729.25,7726.0,32.922
es_20260828_1345_short_7726_control,13:50:09,supply,HOLD,supply_lean,727-729.25,7724.5,32.922
es_20260828_1345_short_7726_control,13:50:19,supply,FORM,candidate,724.50-724.75,7724.5,8.264
es_20260828_1345_short_7726_control,13:51:01,supply,HOLD,supply_lean,726-733.75,7723.5,69.016
es_20260828_1345_short_7726_control,13:51:42,supply,TEST,supply_lean,726-733.75,7725.0,69.016
es_20260828_1345_short_7726_control,13:52:40,supply,TEST,supply_lean,727-729.25,7726.0,32.922
es_20260828_1345_short_7726_control,13:52:57,supply,HOLD,supply_lean,727-729.25,7724.5,32.922
es_20260828_1345_short_7726_control,13:54:07,supply,HOLD,supply_lean,726-733.75,7723.5,69.016
es_20260828_1345_short_7726_control,13:55:08,demand,TEST,supply_consumed,717-721,7721.75,13.188
es_20260828_1345_short_7726_control,13:55:13,supply,FORM,candidate,723-724,7723.0,8.238
es_20260828_1345_short_7726_control,13:55:32,supply,OWNED,supply_lean,724-725.75,7721.0,22.52
es_20260828_1345_short_7726_control,13:55:35,demand,TEST,demand_lean,719.25-719.75,7720.75,22.343
es_20260828_1345_short_7726_control,13:55:35,demand,TEST,supply_consumed,719.50-719.75,7720.75,8.13
es_20260828_1345_short_7726_control,13:55:41,supply,OWNED,supply_lean,723-723.75,7720.0,8.168
es_20260828_1345_short_7726_control,13:55:41,supply,OWNED,supply_lean,723-724,7720.0,8.238
es_20260828_1345_short_7726_control,13:55:50,supply,HOLD,demand_consumed,722.25-729.25,7719.75,30.334
es_20260828_1345_short_7726_control,13:56:28,supply,FORM,candidate,720.75-721,7721.0,8.347
es_20260828_1345_short_7726_control,13:57:06,supply,TEST,demand_consumed,722.25-729.25,7721.25,30.334
es_20260828_1345_short_7726_control,13:57:34,supply,TEST,supply_lean,723-723.75,7722.0,8.168
es_20260828_1345_short_7726_control,13:57:34,supply,TEST,supply_lean,723-724,7722.0,8.238
es_20260828_1345_short_7726_control,13:57:37,demand,HOLD,demand_lean,719.25-719.75,7722.5,22.343
es_20260828_1345_short_7726_control,13:57:37,demand,HOLD,supply_consumed,719.50-719.75,7722.5,8.13
es_20260828_1345_short_7726_control,13:58:40,supply,TEST,supply_lean,724-725.75,7723.0,22.52
es_20260828_1345_short_7726_control,13:58:53,demand,HOLD,supply_consumed,717-721,7723.5,13.188
es_20260828_1345_short_7726_control,13:59:03,demand,CONSUMED,supply_consumed,720.75-721,7723.75,8.347
es_20260828_1345_short_7726_control,14:00:19,supply,FORM,candidate,723.50-724.50,7724.25,9.159
es_20260828_1345_short_7726_control,14:00:21,supply,TEST,supply_lean,726-733.75,7725.0,69.016
es_20260828_1345_short_7726_control,14:00:41,supply,FAIL,supply_lean,723-723.75,7725.0,8.168
es_20260828_1345_short_7726_control,14:00:59,supply,HOLD,supply_lean,726-733.75,7723.5,69.016
es_20260828_1345_short_7726_control,14:01:01,demand,FORM,candidate,723.50-723.75,7723.5,8.194
es_20260828_1345_short_7726_control,14:02:45,supply,TEST,supply_lean,726-733.75,7725.25,69.016
es_20260828_1345_short_7726_control,14:02:48,supply,TEST,supply_lean,727-729.25,7726.0,32.922
es_20260828_1345_short_7726_control,14:02:48,supply,FAIL,supply_lean,723-724,7726.0,8.238
es_20260828_1345_short_7726_control,14:02:57,demand,OWNED,demand_lean,723-723.75,7726.25,10.909
es_20260828_1345_short_7726_control,14:03:32,supply,FORM,candidate,723.75-725.75,7725.25,9.946
es_20260828_1345_short_7726_control,14:04:07,demand,FORM,candidate,726.75,7726.75,9.058
es_20260828_1345_short_7726_control,14:04:40,demand,TEST,demand_lean,723-723.75,7724.75,10.909
es_20260828_1345_short_7726_control,14:04:44,supply,HOLD,supply_lean,727-729.25,7724.5,32.922
es_20260828_1345_short_7726_control,14:05:01,supply,HOLD,supply_lean,726-733.75,7723.5,69.016
es_20260828_1345_short_7726_control,14:05:11,supply,FORM,candidate,724.75-725,7725.0,10.964
es_20260828_1345_short_7726_control,14:05:11,supply,TEST,supply_lean,726-733.75,7725.0,69.016
es_20260828_1345_short_7726_control,14:05:13,supply,TEST,supply_lean,727-729.25,7726.0,32.922
es_20260828_1345_short_7726_control,14:05:14,demand,HOLD,demand_lean,723-723.75,7726.25,10.909
es_20260828_1345_short_7726_control,14:05:46,demand,TEST,demand_lean,723-723.75,7724.75,10.909
es_20260828_1345_short_7726_control,14:05:53,supply,HOLD,supply_lean,727-729.25,7724.5,32.922
es_20260828_1345_short_7726_control,14:06:31,supply,HOLD,supply_lean,726-733.75,7723.5,69.016
es_20260828_1345_short_7726_control,14:07:35,supply,TEST,supply_lean,726-733.75,7725.25,69.016
es_20260828_1345_short_7726_control,14:07:39,supply,FORM,candidate,723.75-725.50,7725.5,8.498
es_20260828_1345_short_7726_control,14:08:00,supply,HOLD,supply_lean,726-733.75,7723.5,69.016
es_20260828_1345_short_7726_control,14:09:15,supply,TEST,supply_lean,726-733.75,7725.0,69.016
es_20260828_1345_short_7726_control,14:09:50,supply,HOLD,supply_lean,726-733.75,7723.5,69.016
es_20260828_1345_short_7726_control,14:09:51,demand,FORM,candidate,723.50,7723.5,9.033
es_20260828_1345_short_7726_control,14:10:07,supply,TEST,supply_lean,726-733.75,7725.0,69.016
es_20260828_1345_short_7726_control,14:10:47,demand,OWNED,demand_lean,723.50,7725.75,9.033
es_20260828_1345_short_7726_control,14:11:01,supply,TEST,supply_lean,727-729.25,7726.0,32.922
es_20260828_1345_short_7726_control,14:11:08,demand,HOLD,demand_lean,723-723.75,7726.25,10.909
es_20260828_1345_short_7726_control,14:11:27,demand,TEST,demand_lean,723-723.75,7724.75,10.909
es_20260828_1345_short_7726_control,14:11:30,supply,HOLD,supply_lean,727-729.25,7724.5,32.922
es_20260828_1345_short_7726_control,14:11:30,demand,TEST,demand_lean,723.50,7724.5,9.033
es_20260828_1345_short_7726_control,14:11:46,supply,TEST,supply_lean,727-729.25,7726.0,32.922
es_20260828_1345_short_7726_control,14:11:46,demand,HOLD,demand_lean,723.50,7726.0,9.033
es_20260828_1345_short_7726_control,14:11:52,demand,HOLD,demand_lean,723-723.75,7726.25,10.909
es_20260828_1345_short_7726_control,14:12:24,supply,FORM,candidate,725.50-726.25,7726.25,8.936
es_20260828_1345_short_7726_control,14:13:15,supply,HOLD,supply_lean,727-729.25,7724.5,32.922
es_20260828_1345_short_7726_control,14:13:15,demand,TEST,demand_lean,723-723.75,7724.5,10.909
es_20260828_1345_short_7726_control,14:13:15,demand,TEST,demand_lean,723.50,7724.5,9.033
es_20260828_1345_short_7726_control,14:13:44,supply,HOLD,supply_lean,726-733.75,7723.5,69.016
es_20260828_1345_short_7726_control,14:14:07,supply,OWNED,supply_lean,725.50-726.25,7722.75,8.936
es_20260828_1345_short_7726_control,14:14:32,demand,TEST,supply_consumed,717-721,7722.0,13.188
es_20260828_1345_short_7726_control,14:14:32,demand,TEST,supply_consumed,720.75-721,7722.0,8.347
es_20260828_1345_short_7726_control,14:14:33,supply,OWNED,supply_lean,724.75-726.25,7722.25,30.6
es_20260828_1345_short_7726_control,14:14:33,demand,FAIL,demand_lean,723.50,7722.25,9.033
es_20260828_1345_short_7726_control,14:14:43,demand,FAIL,demand_lean,723-723.75,7721.75,10.909
es_20260828_1345_short_7726_control,14:14:46,supply,HOLD,supply_lean,724-725.75,7721.25,22.52
es_20260828_1345_short_7726_control,14:14:50,supply,OWNED,supply_lean,723.75-725.75,7721.25,25.172
es_20260828_1345_short_7726_control,14:14:50,supply,OWNED,supply_lean,723.75-725.75,7721.25,25.245
es_20260828_1345_short_7726_control,14:14:55,demand,TEST,demand_lean,719.25-719.75,7720.75,22.343
es_20260828_1345_short_7726_control,14:14:55,demand,TEST,supply_consumed,719.50-719.75,7720.75,8.13
es_20260828_1345_short_7726_control,14:14:56,supply,OWNED,supply_lean,723.50-725,7720.75,14.435
es_20260828_1345_short_7726_control,14:14:56,supply,CONSUMED,demand_consumed,723.25-726.75,7720.75,44.657
es_20260828_1345_short_7726_control,14:15:34,demand,HOLD,demand_lean,719.25-719.75,7722.75,22.343
es_20260828_1345_short_7726_control,14:15:34,demand,HOLD,supply_consumed,719.50-719.75,7722.75,8.13
es_20260828_1345_short_7726_control,14:15:34,supply,TEST,supply_lean,723.75-725.75,7722.75,25.172
es_20260828_1345_short_7726_control,14:15:34,supply,TEST,supply_lean,723.75-725.75,7722.75,25.245
es_20260828_1345_short_7726_control,14:15:34,supply,TEST,supply_lean,723.50-725,7722.75,14.435
es_20260828_1345_short_7726_control,14:15:34,supply,TEST,demand_consumed,723.25-726.75,7722.75,44.657
es_20260828_1345_short_7726_control,14:15:36,supply,TEST,supply_lean,724-725.75,7723.0,22.52
es_20260828_1345_short_7726_control,14:15:58,demand,HOLD,supply_consumed,717-721,7723.5,13.188
es_20260828_1345_short_7726_control,14:15:58,demand,HOLD,supply_consumed,720.75-721,7723.5,8.347
es_20260828_1345_short_7726_control,14:16:08,supply,FORM,candidate,722-723.75,7723.75,8.392
es_20260828_1345_short_7726_control,14:16:08,supply,TEST,supply_lean,724.75-726.25,7723.75,30.6
es_20260828_1345_short_7726_control,14:16:59,supply,HOLD,supply_lean,724.75-726.25,7722.25,30.6
es_20260828_1345_short_7726_control,14:17:00,demand,TEST,supply_consumed,717-721,7721.75,13.188
es_20260828_1345_short_7726_control,14:17:00,demand,TEST,supply_consumed,720.75-721,7721.75,8.347
es_20260828_1345_short_7726_control,14:17:06,supply,HOLD,supply_lean,724-725.75,7721.5,22.52
es_20260828_1345_short_7726_control,14:17:13,supply,HOLD,supply_lean,723.75-725.75,7721.25,25.172
es_20260828_1345_short_7726_control,14:17:13,supply,HOLD,supply_lean,723.75-725.75,7721.25,25.245
es_20260828_1345_short_7726_control,14:17:16,supply,HOLD,supply_lean,723.50-725,7721.0,14.435
es_20260828_1345_short_7726_control,14:17:19,demand,TEST,demand_lean,719.25-719.75,7720.75,22.343
es_20260828_1345_short_7726_control,14:17:19,demand,TEST,supply_consumed,719.50-719.75,7720.75,8.13
es_20260828_1345_short_7726_control,14:17:19,supply,HOLD,demand_consumed,723.25-726.75,7720.75,44.657
es_20260828_1345_short_7726_control,14:17:35,demand,HOLD,demand_lean,719.25-719.75,7722.25,22.343
es_20260828_1345_short_7726_control,14:17:35,demand,HOLD,supply_consumed,719.50-719.75,7722.25,8.13
es_20260828_1345_short_7726_control,14:17:35,supply,TEST,demand_consumed,723.25-726.75,7722.25,44.657
es_20260828_1345_short_7726_control,14:18:07,supply,TEST,supply_lean,723.50-725,7722.5,14.435
es_20260828_1345_short_7726_control,14:18:11,supply,TEST,supply_lean,723.75-725.75,7722.75,25.172
es_20260828_1345_short_7726_control,14:18:11,supply,TEST,supply_lean,723.75-725.75,7722.75,25.245
es_20260828_1345_short_7726_control,14:18:16,demand,FORM,candidate,721.50-723.25,7723.25,10.037
es_20260828_1345_short_7726_control,14:18:16,supply,TEST,supply_lean,724-725.75,7723.25,22.52
es_20260828_1345_short_7726_control,14:18:28,demand,HOLD,supply_consumed,717-721,7723.75,13.188
es_20260828_1345_short_7726_control,14:18:28,demand,HOLD,supply_consumed,720.75-721,7723.75,8.347
es_20260828_1345_short_7726_control,14:18:28,supply,TEST,supply_lean,724.75-726.25,7723.75,30.6
es_20260828_1345_short_7726_control,14:18:29,supply,FORM,candidate,723.75-724,7724.0,8.011
es_20260828_1345_short_7726_control,14:20:10,supply,TEST,supply_lean,725.50-726.25,7724.5,8.936
es_20260828_1345_short_7726_control,14:20:17,supply,HOLD,supply_lean,725.50-726.25,7722.75,8.936
es_20260828_1345_short_7726_control,14:22:46,supply,HOLD,supply_lean,724.75-726.25,7722.25,30.6
es_20260828_1345_short_7726_control,14:23:03,demand,TEST,supply_consumed,717-721,7722.0,13.188
es_20260828_1345_short_7726_control,14:23:03,demand,TEST,supply_consumed,720.75-721,7722.0,8.347
es_20260828_1345_short_7726_control,14:23:20,supply,HOLD,supply_lean,724-725.75,7721.5,22.52
es_20260828_1345_short_7726_control,14:23:22,supply,HOLD,supply_lean,723.75-725.75,7721.25,25.172
es_20260828_1345_short_7726_control,14:23:22,supply,HOLD,supply_lean,723.75-725.75,7721.25,25.245
es_20260828_1345_short_7726_control,14:23:23,demand,TEST,demand_lean,719.25-719.75,7720.75,22.343
es_20260828_1345_short_7726_control,14:23:23,demand,TEST,supply_consumed,719.50-719.75,7720.75,8.13
es_20260828_1345_short_7726_control,14:23:23,supply,HOLD,supply_lean,723.50-725,7720.75,14.435
es_20260828_1345_short_7726_control,14:23:23,supply,HOLD,demand_consumed,723.25-726.75,7720.75,44.657
es_20260828_1345_short_7726_control,14:23:24,supply,HOLD,demand_consumed,722.25-729.25,7719.75,30.334
es_20260828_1345_short_7726_control,14:23:34,supply,OWNED,supply_lean,723-724.50,7719.25,48.723
es_20260828_1345_short_7726_control,14:23:35,supply,CONSUMED,demand_consumed,721.75-725,7719.25,61.794
es_20260828_1345_short_7726_control,14:23:35,supply,OWNED,supply_lean,722-724,7719.25,13.994
es_20260828_1345_short_7726_control,14:23:35,supply,CONSUMED,demand_consumed,721.50-723.25,7719.25,22.092
es_20260828_1345_short_7726_control,14:23:35,demand,FAIL,supply_consumed,720.75-721,7719.25,8.347
es_20260828_1345_short_7726_control,14:23:38,supply,FORM,candidate,719-719.25,7719.0,8.196
es_20260828_1345_short_7726_control,14:23:54,demand,FAIL,demand_lean,719.25-719.75,7718.25,22.343
es_20260828_1345_short_7726_control,14:23:54,demand,FAIL,supply_consumed,719.50-719.75,7718.25,8.13
es_20260828_1345_short_7726_control,14:26:32,supply,TEST,demand_consumed,721.50-723.25,7720.5,22.092
es_20260828_1345_short_7726_control,14:26:56,supply,TEST,demand_consumed,721.75-725,7720.75,61.794
es_20260828_1345_short_7726_control,14:27:01,supply,TEST,supply_lean,722-724,7721.0,13.994
es_20260828_1345_short_7726_control,14:27:02,supply,TEST,demand_consumed,722.25-729.25,7721.25,30.334
es_20260828_1345_short_7726_control,14:27:06,supply,TEST,supply_lean,723-724.50,7722.0,48.723
es_20260828_1345_short_7726_control,14:27:13,demand,CONSUMED,supply_consumed,718.50-719.25,7721.5,10.83
es_20260828_1345_short_7726_control,14:27:47,supply,HOLD,supply_lean,723-724.50,7720.5,48.723
es_20260828_1345_short_7726_control,14:28:01,demand,TEST,supply_consumed,718.50-719.25,7720.25,10.83
es_20260828_1345_short_7726_control,14:29:37,supply,HOLD,demand_consumed,722.25-729.25,7719.75,30.334
es_20260828_1345_short_7726_control,14:29:38,supply,HOLD,demand_consumed,721.75-725,7719.25,61.794
es_20260828_1345_short_7726_control,14:29:38,supply,HOLD,supply_lean,722-724,7719.25,13.994
es_20260828_1345_short_7726_control,14:30:00,supply,HOLD,demand_consumed,721.50-723.25,7719.0,22.092
