case_id,time,action,band_id,side,source,family,range,current_price,score,flow_source,flow_grade,replenish,paid_share,root_cushion_points,onside,runway_points,path_consumed_pct,stack_depth,stack_direct,stack_lean,stack_replenished,stack_score,stack_recent,renewal_kind,same_side_reestablish_recent,opposing_fail_count_3m,opposing_fail_score_3m,opposing_fail_recent,opposing_weak_contact_count_3m,opposing_weak_contact_recent,future_mfe,future_mae,future_target_time,call
es_20260827_1130_long_7728,11:40:17,HOLD,19,demand,demand_lean,same_side_lean,727.50-728.50,7731.0,8.91,latest_test,replenished,1.8,0.0,0.0,True,12.0,20.0,5,3,2,4,209.91,22:direct_consumption:TEST:7726.5-7734.75;25:direct_consumption:TEST:7729.25-7733.25;17:same_side_lean:TEST:7723-7731;18:direct_consumption:TEST:7725.75-7730.75;19:same_side_lean:HOLD:7727.5-7728.5,held_after_test,,0,0,,0,,18.75,5.75,12:34:28,watch_stack_before_root_cushion
es_20260827_1130_long_7728,11:41:36,HOLD,18,demand,supply_consumed,direct_consumption,725.75-730.75,7733.25,26.284,event_forward,depleted,0.865,0.0,5.25,True,9.75,35.0,5,3,2,3,209.91,22:direct_consumption:TEST:7726.5-7734.75;25:direct_consumption:TEST:7729.25-7733.25;17:same_side_lean:TEST:7723-7731;19:same_side_lean:HOLD:7727.5-7728.5;18:direct_consumption:HOLD:7725.75-7730.75,none,,0,0,,0,,16.5,8.0,12:34:28,reject_depleted_contact
es_20260827_1130_long_7728,11:41:37,HOLD,17,demand,demand_lean,same_side_lean,723-731,7733.75,38.363,event_forward,depleted,1.006,0.0,5.25,True,9.25,38.3,5,3,2,2,209.91,22:direct_consumption:TEST:7726.5-7734.75;25:direct_consumption:TEST:7729.25-7733.25;19:same_side_lean:HOLD:7727.5-7728.5;18:direct_consumption:HOLD:7725.75-7730.75;17:same_side_lean:HOLD:7723-7731,none,,0,0,,0,,16.0,8.5,12:34:28,reject_depleted_contact
es_20260827_1130_long_7728,11:42:26,TEST,17,demand,demand_lean,same_side_lean,723-731,7732.0,38.363,latest_test,depleted,0.864,0.291,7.0,True,11.0,26.7,5,3,2,2,209.91,22:direct_consumption:TEST:7726.5-7734.75;25:direct_consumption:TEST:7729.25-7733.25;19:same_side_lean:HOLD:7727.5-7728.5;18:direct_consumption:HOLD:7725.75-7730.75;17:same_side_lean:TEST:7723-7731,opposition_depleted,,0,0,,1,11:41:42 735.25-737,17.75,6.75,12:34:28,watch_contact
es_20260827_1130_long_7728,11:42:31,TEST,18,demand,supply_consumed,direct_consumption,725.75-730.75,7731.75,26.284,latest_test,depleted,0.889,0.286,7.0,True,11.25,25.0,5,3,2,2,209.91,22:direct_consumption:TEST:7726.5-7734.75;25:direct_consumption:TEST:7729.25-7733.25;19:same_side_lean:HOLD:7727.5-7728.5;17:same_side_lean:TEST:7723-7731;18:direct_consumption:TEST:7725.75-7730.75,opposition_depleted,,0,0,,1,11:41:42 735.25-737,18.0,6.5,12:34:28,watch_contact
es_20260827_1130_long_7728,11:43:20,TEST,19,demand,demand_lean,same_side_lean,727.50-728.50,7729.5,8.91,latest_test,depleted,0.956,0.207,7.0,True,13.5,10.0,5,3,2,1,209.91,22:direct_consumption:TEST:7726.5-7734.75;25:direct_consumption:TEST:7729.25-7733.25;17:same_side_lean:TEST:7723-7731;18:direct_consumption:TEST:7725.75-7730.75;19:same_side_lean:TEST:7727.5-7728.5,opposition_depleted,,0,0,,1,11:41:42 735.25-737,20.25,4.25,12:34:28,watch_contact
es_20260827_1130_long_7728,11:43:22,TEST,20,demand,supply_consumed,direct_consumption,726.25-728,7729.0,24.574,latest_test,depleted,1.002,0.18,7.0,True,14.0,6.7,6,4,2,1,234.49,25:direct_consumption:TEST:7729.25-7733.25;17:same_side_lean:TEST:7723-7731;18:direct_consumption:TEST:7725.75-7730.75;19:same_side_lean:TEST:7727.5-7728.5;20:direct_consumption:TEST:7726.25-7728,opposition_depleted,,0,0,,1,11:41:42 735.25-737,20.75,3.75,12:34:28,watch_contact
es_20260827_1130_long_7728,11:44:02,TEST,23,demand,demand_lean,same_side_lean,725.75-727.75,7728.75,8.076,latest_test,depleted,0.997,0.152,7.0,True,14.25,5.0,7,4,3,1,242.56,17:same_side_lean:TEST:7723-7731;18:direct_consumption:TEST:7725.75-7730.75;19:same_side_lean:TEST:7727.5-7728.5;20:direct_consumption:TEST:7726.25-7728;23:same_side_lean:TEST:7725.75-7727.75,opposition_depleted,,0,0,,1,11:41:42 735.25-737,21.0,3.5,12:34:28,watch_contact
es_20260827_1130_long_7728,11:44:03,TEST,16,demand,supply_consumed,direct_consumption,724.50-727,7727.5,30.805,latest_test,replenished,1.309,0.0,7.0,False,15.5,0.0,8,5,3,2,273.37,18:direct_consumption:TEST:7725.75-7730.75;19:same_side_lean:TEST:7727.5-7728.5;20:direct_consumption:TEST:7726.25-7728;23:same_side_lean:TEST:7725.75-7727.75;16:direct_consumption:TEST:7724.5-7727,opposition_depleted,,0,0,,1,11:41:42 735.25-737,22.25,2.25,12:34:28,watch_contact
es_20260827_1130_long_7728,11:44:03,TEST,21,demand,demand_lean,same_side_lean,725-727.50,7727.5,17.58,latest_test,replenished,1.013,0.134,7.0,False,15.5,0.0,9,5,4,3,290.95,19:same_side_lean:TEST:7727.5-7728.5;20:direct_consumption:TEST:7726.25-7728;23:same_side_lean:TEST:7725.75-7727.75;16:direct_consumption:TEST:7724.5-7727;21:same_side_lean:TEST:7725-7727.5,opposition_depleted,,0,0,,1,11:41:42 735.25-737,22.25,2.25,12:34:28,watch_contact
es_20260827_1130_long_7728,11:44:14,FAIL,25,demand,supply_consumed,direct_consumption,729.25-733.25,7728.0,33.339,event_forward,no-flow,,,7.0,True,15.0,0.0,8,4,4,2,257.61,19:same_side_lean:TEST:7727.5-7728.5;20:direct_consumption:TEST:7726.25-7728;23:same_side_lean:TEST:7725.75-7727.75;16:direct_consumption:TEST:7724.5-7727;21:same_side_lean:TEST:7725-7727.5,reestablished_after_same_side_fail,11:44:14 729.25-733.25,0,0,,1,11:41:42 735.25-737,21.75,2.75,12:34:28,watch_contact
es_20260827_1130_long_7728,11:44:14,FAIL,24,demand,demand_lean,same_side_lean,729.25-736.75,7728.0,109.229,event_forward,no-flow,,,7.0,True,15.0,0.0,8,4,4,2,257.61,19:same_side_lean:TEST:7727.5-7728.5;20:direct_consumption:TEST:7726.25-7728;23:same_side_lean:TEST:7725.75-7727.75;16:direct_consumption:TEST:7724.5-7727;21:same_side_lean:TEST:7725-7727.5,reestablished_after_same_side_fail,"11:44:14 729.25-733.25,11:44:14 729.25-736.75",0,0,,1,11:41:42 735.25-737,21.75,2.75,12:34:28,watch_contact
es_20260827_1130_long_7728,11:45:04,TEST,11,demand,supply_consumed,direct_consumption,723.50-725.75,7726.5,31.156,latest_test,replenished,1.06,0.239,7.0,False,16.5,0.0,9,5,4,3,288.76,20:direct_consumption:TEST:7726.25-7728;23:same_side_lean:TEST:7725.75-7727.75;16:direct_consumption:TEST:7724.5-7727;21:same_side_lean:TEST:7725-7727.5;11:direct_consumption:TEST:7723.5-7725.75,none,,0,0,,0,,23.25,1.25,12:34:28,watch_contact
es_20260827_1130_long_7728,11:45:27,TEST,10,demand,demand_lean,same_side_lean,719-725,7726.0,45.512,latest_test,replenished,1.608,0.0,7.0,False,17.0,0.0,10,5,5,4,334.28,23:same_side_lean:TEST:7725.75-7727.75;16:direct_consumption:TEST:7724.5-7727;21:same_side_lean:TEST:7725-7727.5;11:direct_consumption:TEST:7723.5-7725.75;10:same_side_lean:TEST:7719-7725,none,,0,0,,0,,23.75,0.75,12:34:28,watch_contact
es_20260827_1130_long_7728,11:45:30,FAIL,19,demand,demand_lean,same_side_lean,727.50-728.50,7725.25,8.91,latest_test,depleted,0.956,0.207,7.0,False,17.75,0.0,9,5,4,4,325.37,23:same_side_lean:TEST:7725.75-7727.75;16:direct_consumption:TEST:7724.5-7727;21:same_side_lean:TEST:7725-7727.5;11:direct_consumption:TEST:7723.5-7725.75;10:same_side_lean:TEST:7719-7725,reestablished_after_same_side_fail,"11:44:14 729.25-733.25,11:44:14 729.25-736.75,11:45:30 727.50-728.50",0,0,,0,,24.5,0.0,12:34:28,watch_contact
es_20260827_1130_long_7728,11:47:02,HOLD,10,demand,demand_lean,same_side_lean,719-725,7727.5,45.512,latest_test,replenished,1.608,0.0,7.0,False,15.5,0.0,9,5,4,4,325.37,23:same_side_lean:TEST:7725.75-7727.75;16:direct_consumption:TEST:7724.5-7727;21:same_side_lean:TEST:7725-7727.5;11:direct_consumption:TEST:7723.5-7725.75;10:same_side_lean:HOLD:7719-7725,held_after_test,,0,0,,0,,22.25,1.25,12:34:28,holdroot_no_add_root_not_onside
es_20260827_1130_long_7728,11:47:42,HOLD,11,demand,supply_consumed,direct_consumption,723.50-725.75,7728.25,31.156,latest_test,replenished,1.06,0.239,7.0,True,14.75,1.7,9,5,4,4,325.37,23:same_side_lean:TEST:7725.75-7727.75;16:direct_consumption:TEST:7724.5-7727;21:same_side_lean:TEST:7725-7727.5;10:same_side_lean:HOLD:7719-7725;11:direct_consumption:HOLD:7723.5-7725.75,reestablished_after_same_side_fail,11:45:30 727.50-728.50,0,0,,0,,21.5,2.0,12:34:28,sponsor_stack_add
es_20260827_1130_long_7728,11:48:30,TEST,11,demand,supply_consumed,direct_consumption,723.50-725.75,7726.5,31.156,latest_test,replenished,1.102,0.0,7.0,False,16.5,0.0,8,4,4,4,222.35,23:same_side_lean:TEST:7725.75-7727.75;16:direct_consumption:TEST:7724.5-7727;21:same_side_lean:TEST:7725-7727.5;10:same_side_lean:HOLD:7719-7725;11:direct_consumption:TEST:7723.5-7725.75,reestablished_after_same_side_fail,11:45:30 727.50-728.50,0,0,,0,,23.25,0.25,12:34:28,watch_contact
es_20260827_1130_long_7728,11:49:50,HOLD,11,demand,supply_consumed,direct_consumption,723.50-725.75,7728.25,31.156,latest_test,replenished,1.102,0.0,7.0,True,14.75,1.7,8,4,4,4,222.35,23:same_side_lean:TEST:7725.75-7727.75;16:direct_consumption:TEST:7724.5-7727;21:same_side_lean:TEST:7725-7727.5;10:same_side_lean:HOLD:7719-7725;11:direct_consumption:HOLD:7723.5-7725.75,held_after_test,,0,0,,0,,21.5,0.5,12:34:28,stack_watch_retest_only
es_20260827_1130_long_7728,11:50:21,HOLD,16,demand,supply_consumed,direct_consumption,724.50-727,7729.75,30.805,event_forward,depleted,0.818,0.0,7.0,True,13.25,11.7,8,4,4,3,222.35,23:same_side_lean:TEST:7725.75-7727.75;21:same_side_lean:TEST:7725-7727.5;10:same_side_lean:HOLD:7719-7725;11:direct_consumption:HOLD:7723.5-7725.75;16:direct_consumption:HOLD:7724.5-7727,opposition_depleted,,0,0,,1,11:50:21 730.50-736.25,20.0,0.25,12:34:28,reject_depleted_contact
es_20260827_1130_long_7728,11:50:24,HOLD,21,demand,demand_lean,same_side_lean,725-727.50,7730.0,17.58,event_forward,depleted,0.79,0.0,7.0,True,13.0,13.3,8,4,4,2,222.35,23:same_side_lean:TEST:7725.75-7727.75;10:same_side_lean:HOLD:7719-7725;11:direct_consumption:HOLD:7723.5-7725.75;16:direct_consumption:HOLD:7724.5-7727;21:same_side_lean:HOLD:7725-7727.5,opposition_depleted,,0,0,,2,"11:50:21 730.50-736.25,11:50:25 731.25-734.50",19.75,0.0,12:34:28,reject_depleted_contact
es_20260827_1130_long_7728,11:50:25,HOLD,23,demand,demand_lean,same_side_lean,725.75-727.75,7730.25,8.076,event_forward,depleted,0.771,0.0,7.0,True,12.75,15.0,8,4,4,2,222.35,10:same_side_lean:HOLD:7719-7725;11:direct_consumption:HOLD:7723.5-7725.75;16:direct_consumption:HOLD:7724.5-7727;21:same_side_lean:HOLD:7725-7727.5;23:same_side_lean:HOLD:7725.75-7727.75,opposition_depleted,,0,0,,2,"11:50:21 730.50-736.25,11:50:25 731.25-734.50",19.5,0.0,12:34:28,reject_depleted_contact
es_20260827_1130_long_7728,11:50:27,HOLD,20,demand,supply_consumed,direct_consumption,726.25-728,7730.5,24.574,event_forward,depleted,0.788,0.0,7.0,True,12.5,16.7,8,4,4,2,222.35,11:direct_consumption:HOLD:7723.5-7725.75;16:direct_consumption:HOLD:7724.5-7727;21:same_side_lean:HOLD:7725-7727.5;23:same_side_lean:HOLD:7725.75-7727.75;20:direct_consumption:HOLD:7726.25-7728,opposition_depleted,,0,0,,2,"11:50:21 730.50-736.25,11:50:25 731.25-734.50",19.25,0.0,12:34:28,reject_depleted_contact
es_20260827_1130_long_7728,11:50:30,OWNED,42,demand,demand_lean,same_side_lean,726.50-727.25,7731.0,10.823,event_forward,depleted,0.768,0.0,7.0,True,12.0,20.0,9,4,5,2,233.17,16:direct_consumption:HOLD:7724.5-7727;21:same_side_lean:HOLD:7725-7727.5;23:same_side_lean:HOLD:7725.75-7727.75;20:direct_consumption:HOLD:7726.25-7728;42:same_side_lean:OWNED:7726.5-7727.25,opposition_depleted,,0,0,,2,"11:50:21 730.50-736.25,11:50:25 731.25-734.50",18.75,0.25,12:34:28,reject_depleted_contact
es_20260827_1130_long_7728,11:51:32,HOLD,18,demand,supply_consumed,direct_consumption,725.75-730.75,7733.25,26.284,event_forward,depleted,0.58,0.0,7.0,True,9.75,35.0,9,4,5,2,233.17,21:same_side_lean:HOLD:7725-7727.5;23:same_side_lean:HOLD:7725.75-7727.75;20:direct_consumption:HOLD:7726.25-7728;42:same_side_lean:OWNED:7726.5-7727.25;18:direct_consumption:HOLD:7725.75-7730.75,opposition_depleted,,0,0,,2,"11:50:21 730.50-736.25,11:50:25 731.25-734.50",16.5,0.5,12:34:28,reject_depleted_contact
es_20260827_1130_long_7728,11:51:41,HOLD,17,demand,demand_lean,same_side_lean,723-731,7733.5,38.363,event_forward,depleted,0.657,0.0,7.0,True,9.5,36.7,9,4,5,2,233.17,23:same_side_lean:HOLD:7725.75-7727.75;20:direct_consumption:HOLD:7726.25-7728;42:same_side_lean:OWNED:7726.5-7727.25;18:direct_consumption:HOLD:7725.75-7730.75;17:same_side_lean:HOLD:7723-7731,opposition_depleted,,0,0,,2,"11:50:21 730.50-736.25,11:50:25 731.25-734.50",16.25,0.75,12:34:28,reject_depleted_contact
es_20260827_1130_long_7728,11:51:54,OWNED,41,demand,demand_lean,same_side_lean,725.25-732,7735.0,35.802,event_forward,depleted,0.747,0.0,7.0,True,8.0,46.7,10,4,6,2,268.98,20:direct_consumption:HOLD:7726.25-7728;42:same_side_lean:OWNED:7726.5-7727.25;18:direct_consumption:HOLD:7725.75-7730.75;17:same_side_lean:HOLD:7723-7731;41:same_side_lean:OWNED:7725.25-7732,opposition_depleted,,0,0,,3,"11:50:21 730.50-736.25,11:50:25 731.25-734.50,11:51:46 735.25-737",14.75,2.25,12:34:28,reject_depleted_contact
es_20260827_1130_long_7728,11:52:57,HOLD,22,demand,supply_consumed,direct_consumption,726.50-734.75,7737.25,103.017,event_forward,depleted,0.584,0.0,9.25,True,5.75,61.7,10,5,5,1,326.48,42:same_side_lean:OWNED:7726.5-7727.25;18:direct_consumption:HOLD:7725.75-7730.75;17:same_side_lean:HOLD:7723-7731;41:same_side_lean:OWNED:7725.25-7732;22:direct_consumption:HOLD:7726.5-7734.75,opposition_failed,,1,21.09,11:52:53 731.25-734.50,6,"11:52:47 737-737.25,11:52:53 737.75-739,11:52:55 738-738.25",12.5,2.25,12:34:28,scale_out_zone
es_20260827_1130_long_7728,11:53:03,CONSUMED,40,demand,supply_consumed,direct_consumption,725.25-734.50,7737.5,84.373,event_forward,depleted,0.62,0.0,9.75,True,5.5,63.3,11,6,5,1,410.85,18:direct_consumption:HOLD:7725.75-7730.75;17:same_side_lean:HOLD:7723-7731;41:same_side_lean:OWNED:7725.25-7732;22:direct_consumption:HOLD:7726.5-7734.75;40:direct_consumption:CONSUMED:7725.25-7734.5,opposition_failed,,1,21.09,11:52:53 731.25-734.50,6,"11:52:47 737-737.25,11:52:53 737.75-739,11:52:55 738-738.25",12.25,2.5,12:34:28,scale_out_zone
es_20260827_1130_long_7728,11:53:03,CONSUMED,43,demand,supply_consumed,direct_consumption,732-734.50,7737.5,22.756,event_forward,depleted,0.914,0.0,9.75,True,5.5,63.3,12,7,5,1,433.61,17:same_side_lean:HOLD:7723-7731;41:same_side_lean:OWNED:7725.25-7732;22:direct_consumption:HOLD:7726.5-7734.75;40:direct_consumption:CONSUMED:7725.25-7734.5;43:direct_consumption:CONSUMED:7732-7734.5,opposition_failed,,1,21.09,11:52:53 731.25-734.50,6,"11:52:47 737-737.25,11:52:53 737.75-739,11:52:55 738-738.25",12.25,2.5,12:34:28,scale_out_zone
es_20260827_1130_long_7728,12:21:14,TEST,22,demand,supply_consumed,direct_consumption,726.50-734.75,7735.75,103.017,latest_test,replenished,1.247,0.0,13.5,True,7.25,51.7,1,1,0,1,103.02,22:direct_consumption:TEST:7726.5-7734.75,none,,0,0,,0,,14.0,0.75,12:34:28,watch_contact
es_20260827_1130_long_7728,12:21:19,TEST,40,demand,supply_consumed,direct_consumption,725.25-734.50,7735.5,84.373,latest_test,replenished,1.296,0.0,13.5,True,7.5,50.0,2,2,0,2,187.39,22:direct_consumption:TEST:7726.5-7734.75;40:direct_consumption:TEST:7725.25-7734.5,none,,0,0,,0,,14.25,0.5,12:34:28,watch_contact
es_20260827_1130_long_7728,12:21:19,TEST,43,demand,supply_consumed,direct_consumption,732-734.50,7735.5,22.756,latest_test,replenished,1.208,0.0,13.5,True,7.5,50.0,3,3,0,3,210.15,22:direct_consumption:TEST:7726.5-7734.75;40:direct_consumption:TEST:7725.25-7734.5;43:direct_consumption:TEST:7732-7734.5,none,,0,0,,0,,14.25,0.5,12:34:28,watch_contact
es_20260827_1130_long_7728,12:23:15,HOLD,40,demand,supply_consumed,direct_consumption,725.25-734.50,7737.0,84.373,latest_test,replenished,1.296,0.0,13.5,True,6.0,60.0,3,3,0,3,210.15,22:direct_consumption:TEST:7726.5-7734.75;43:direct_consumption:TEST:7732-7734.5;40:direct_consumption:HOLD:7725.25-7734.5,held_after_test_and_opposition_failed,,0,0,,2,"12:22:38 737.50-739.25,12:22:38 737.50-740.25",12.75,1.25,12:34:28,reject_low_runway
es_20260827_1130_long_7728,12:23:15,HOLD,43,demand,supply_consumed,direct_consumption,732-734.50,7737.0,22.756,latest_test,replenished,1.208,0.0,13.5,True,6.0,60.0,3,3,0,3,210.15,22:direct_consumption:TEST:7726.5-7734.75;40:direct_consumption:HOLD:7725.25-7734.5;43:direct_consumption:HOLD:7732-7734.5,held_after_test_and_opposition_failed,,0,0,,2,"12:22:38 737.50-739.25,12:22:38 737.50-740.25",12.75,1.25,12:34:28,reject_low_runway
es_20260827_1130_long_7728,12:23:38,HOLD,22,demand,supply_consumed,direct_consumption,726.50-734.75,7737.25,103.017,latest_test,replenished,1.247,0.0,13.5,True,5.75,61.7,3,3,0,3,210.15,40:direct_consumption:HOLD:7725.25-7734.5;43:direct_consumption:HOLD:7732-7734.5;22:direct_consumption:HOLD:7726.5-7734.75,held_after_test_and_opposition_failed,,0,0,,2,"12:22:38 737.50-739.25,12:22:38 737.50-740.25",12.5,1.5,12:34:28,scale_out_zone
es_20260827_1130_long_7728,12:26:25,TEST,22,demand,supply_consumed,direct_consumption,726.50-734.75,7735.75,103.017,latest_test,replenished,1.153,0.0,13.5,True,7.25,51.7,3,3,0,3,210.15,40:direct_consumption:HOLD:7725.25-7734.5;43:direct_consumption:HOLD:7732-7734.5;22:direct_consumption:TEST:7726.5-7734.75,none,,0,0,,0,,14.0,0.0,12:34:28,watch_contact
es_20260827_1130_long_7728,12:26:47,HOLD,22,demand,supply_consumed,direct_consumption,726.50-734.75,7737.25,103.017,latest_test,replenished,1.153,0.0,13.5,True,5.75,61.7,3,3,0,3,210.15,40:direct_consumption:HOLD:7725.25-7734.5;43:direct_consumption:HOLD:7732-7734.5;22:direct_consumption:HOLD:7726.5-7734.75,held_after_test_and_opposition_failed,,0,0,,1,12:26:47 738.25-739,12.5,0.25,12:34:28,scale_out_zone
es_20260827_1130_long_7728,12:27:46,OWNED,55,demand,demand_lean,same_side_lean,735.75-736,7738.5,10.729,event_forward,depleted,0.625,0.0,13.5,True,4.5,70.0,4,3,1,3,220.88,40:direct_consumption:HOLD:7725.25-7734.5;43:direct_consumption:HOLD:7732-7734.5;22:direct_consumption:HOLD:7726.5-7734.75;55:same_side_lean:OWNED:7735.75-7736,opposition_depleted,,0,0,,1,12:26:47 738.25-739,11.25,0.0,12:34:28,scale_out_zone
es_20260827_1130_long_7728,12:27:58,OWNED,53,demand,demand_lean,same_side_lean,735-736.50,7739.75,19.669,event_forward,depleted,0.917,0.0,13.5,True,3.25,78.3,5,3,2,3,240.54,40:direct_consumption:HOLD:7725.25-7734.5;43:direct_consumption:HOLD:7732-7734.5;22:direct_consumption:HOLD:7726.5-7734.75;55:same_side_lean:OWNED:7735.75-7736;53:same_side_lean:OWNED:7735-7736.5,opposition_depleted,,0,0,,2,"12:26:47 738.25-739,12:27:48 739.75-742",10.0,0.25,12:34:28,scale_out_zone
es_20260827_1130_long_7728,12:27:59,CONSUMED,54,demand,supply_consumed,direct_consumption,735-737,7739.75,18.296,event_forward,replenished,1.152,0.0,13.5,True,3.25,78.3,6,4,2,4,258.84,43:direct_consumption:HOLD:7732-7734.5;22:direct_consumption:HOLD:7726.5-7734.75;55:same_side_lean:OWNED:7735.75-7736;53:same_side_lean:OWNED:7735-7736.5;54:direct_consumption:CONSUMED:7735-7737,opposition_depleted,,0,0,,2,"12:26:47 738.25-739,12:27:48 739.75-742",10.0,0.25,12:34:28,scale_out_zone
es_20260827_1130_long_7728,12:34:35,OWNED,44,demand,demand_lean,same_side_lean,732.50-740.25,7742.75,44.504,event_forward,depleted,1.008,0.0,15.0,True,0.25,98.3,7,4,3,4,303.34,22:direct_consumption:HOLD:7726.5-7734.75;55:same_side_lean:OWNED:7735.75-7736;53:same_side_lean:OWNED:7735-7736.5;54:direct_consumption:CONSUMED:7735-7737;44:same_side_lean:OWNED:7732.5-7740.25,none,,0,0,,0,,7.0,0.25,12:34:40,scale_out_zone
es_20260827_1330_short_7748,13:39:04,HOLD,25,supply,demand_consumed,direct_consumption,751.25-753,7748.75,16.865,event_forward,depleted,0.891,0.0,0.0,True,19.25,0.0,2,2,0,0,25.12,22:direct_consumption:HOLD:7752-7752.75;25:direct_consumption:HOLD:7751.25-7753,none,,0,0,,0,,25.0,2.5,14:26:35,watch_stack_before_root_cushion
es_20260827_1330_short_7748,13:43:42,TEST,25,supply,demand_consumed,direct_consumption,751.25-753,7750.25,16.865,latest_test,replenished,1.031,0.04,0.5,False,20.75,0.0,2,2,0,1,25.12,22:direct_consumption:HOLD:7752-7752.75;25:direct_consumption:TEST:7751.25-7753,none,,0,0,,0,,26.5,1.0,14:26:35,watch_contact
es_20260827_1330_short_7748,13:43:56,TEST,22,supply,demand_consumed,direct_consumption,752-752.75,7751.0,8.26,latest_test,replenished,1.018,0.0,0.5,False,21.5,0.0,2,2,0,2,25.12,25:direct_consumption:TEST:7751.25-7753;22:direct_consumption:TEST:7752-7752.75,none,,0,0,,0,,27.25,0.25,14:26:35,watch_contact
es_20260827_1330_short_7748,13:44:35,HOLD,22,supply,demand_consumed,direct_consumption,752-752.75,7749.5,8.26,latest_test,replenished,1.018,0.0,0.5,False,20.0,0.0,2,2,0,2,25.12,25:direct_consumption:TEST:7751.25-7753;22:direct_consumption:HOLD:7752-7752.75,held_after_test,,0,0,,0,,25.75,0.25,14:26:35,holdroot_no_add_root_not_onside
es_20260827_1330_short_7748,13:44:39,HOLD,25,supply,demand_consumed,direct_consumption,751.25-753,7748.5,16.865,latest_test,replenished,1.031,0.04,0.5,True,19.0,1.3,2,2,0,2,25.12,22:direct_consumption:HOLD:7752-7752.75;25:direct_consumption:HOLD:7751.25-7753,held_after_test_and_opposition_failed,,0,0,,1,13:44:39 744.50-748,24.75,0.25,14:26:35,sponsor_stack_add
es_20260827_1330_short_7748,13:45:24,CONSUMED,19,supply,demand_consumed,direct_consumption,749.75-754.25,7747.25,89.351,event_forward,depleted,0.901,0.0,1.5,True,17.75,7.8,3,3,0,2,114.48,22:direct_consumption:HOLD:7752-7752.75;25:direct_consumption:HOLD:7751.25-7753;19:direct_consumption:CONSUMED:7749.75-7754.25,opposition_failed,,1,8.51,13:44:58 748.75-749.50,1,13:44:39 744.50-748,23.5,0.5,14:26:35,reject_depleted_contact
es_20260827_1330_short_7748,13:45:24,CONSUMED,27,supply,demand_consumed,direct_consumption,749.75-752,7747.25,9.588,event_forward,depleted,0.863,0.0,1.5,True,17.75,7.8,4,4,0,2,124.06,22:direct_consumption:HOLD:7752-7752.75;25:direct_consumption:HOLD:7751.25-7753;19:direct_consumption:CONSUMED:7749.75-7754.25;27:direct_consumption:CONSUMED:7749.75-7752,opposition_failed,,1,8.51,13:44:58 748.75-749.50,1,13:44:39 744.50-748,23.5,0.5,14:26:35,reject_depleted_contact
es_20260827_1330_short_7748,13:45:32,OWNED,20,supply,supply_lean,same_side_lean,749.50-755,7746.75,73.349,event_forward,depleted,0.764,0.0,1.5,True,17.25,10.4,5,4,1,2,197.41,22:direct_consumption:HOLD:7752-7752.75;25:direct_consumption:HOLD:7751.25-7753;19:direct_consumption:CONSUMED:7749.75-7754.25;27:direct_consumption:CONSUMED:7749.75-7752;20:same_side_lean:OWNED:7749.5-7755,opposition_failed,,1,8.51,13:44:58 748.75-749.50,1,13:44:39 744.50-748,23.0,0.75,14:26:35,reject_depleted_contact
es_20260827_1330_short_7748,13:45:39,OWNED,28,supply,supply_lean,same_side_lean,749.25-750.25,7746.75,10.547,event_forward,depleted,0.823,0.0,2.25,True,17.25,10.4,6,4,2,2,207.96,25:direct_consumption:HOLD:7751.25-7753;19:direct_consumption:CONSUMED:7749.75-7754.25;27:direct_consumption:CONSUMED:7749.75-7752;20:same_side_lean:OWNED:7749.5-7755;28:same_side_lean:OWNED:7749.25-7750.25,opposition_failed,,1,8.51,13:44:58 748.75-749.50,2,"13:44:39 744.50-748,13:45:35 745.50",23.0,0.75,14:26:35,reject_depleted_contact
es_20260827_1330_short_7748,13:45:53,OWNED,26,supply,supply_lean,same_side_lean,748.75-751.75,7746.5,35.064,event_forward,depleted,0.874,0.0,2.25,True,17.0,11.7,7,4,3,2,243.02,19:direct_consumption:CONSUMED:7749.75-7754.25;27:direct_consumption:CONSUMED:7749.75-7752;20:same_side_lean:OWNED:7749.5-7755;28:same_side_lean:OWNED:7749.25-7750.25;26:same_side_lean:OWNED:7748.75-7751.75,opposition_failed,,3,107.44,"13:44:58 748.75-749.50,13:45:39 748-750.50,13:45:41 747.75-749.25",2,"13:44:39 744.50-748,13:45:35 745.50",22.75,1.0,14:26:35,reject_depleted_contact
es_20260827_1330_short_7748,13:58:28,OWNED,29,supply,supply_lean,same_side_lean,745-747.25,7743.0,56.501,event_forward,replenished,1.091,0.0,6.0,True,13.5,29.9,8,4,4,3,299.52,27:direct_consumption:CONSUMED:7749.75-7752;20:same_side_lean:OWNED:7749.5-7755;28:same_side_lean:OWNED:7749.25-7750.25;26:same_side_lean:OWNED:7748.75-7751.75;29:same_side_lean:OWNED:7745-7747.25,none,,0,0,,0,,19.25,2.5,14:26:35,stack_watch_no_renewal
es_20260827_1330_short_7748,14:00:01,TEST,29,supply,supply_lean,same_side_lean,745-747.25,7744.0,56.501,latest_test,replenished,1.101,0.237,6.0,True,14.5,24.7,6,2,4,1,274.4,27:direct_consumption:CONSUMED:7749.75-7752;20:same_side_lean:OWNED:7749.5-7755;28:same_side_lean:OWNED:7749.25-7750.25;26:same_side_lean:OWNED:7748.75-7751.75;29:same_side_lean:TEST:7745-7747.25,none,,0,0,,0,,20.25,1.5,14:26:35,watch_contact
es_20260827_1330_short_7748,14:01:13,HOLD,29,supply,supply_lean,same_side_lean,745-747.25,7742.5,56.501,latest_test,replenished,1.101,0.237,6.0,True,13.0,32.5,1,0,1,1,56.5,29:same_side_lean:HOLD:7745-7747.25,held_after_test_and_opposition_failed,,0,0,,2,"14:00:34 741-742.75,14:00:34 741.25-742.50",18.75,0.25,14:26:35,holdroot_no_add_shallow_stack
es_20260827_1330_short_7748,14:01:29,CONSUMED,30,supply,demand_consumed,direct_consumption,743.50-745.25,7741.5,60.432,event_forward,depleted,0.844,0.0,7.5,True,12.0,37.7,2,1,1,1,116.93,29:same_side_lean:HOLD:7745-7747.25;30:direct_consumption:CONSUMED:7743.5-7745.25,opposition_depleted,,0,0,,3,"14:00:34 741-742.75,14:00:34 741.25-742.50,14:01:19 736.75-740.50",17.75,0.25,14:26:35,reject_depleted_contact
es_20260827_1330_short_7748,14:01:29,OWNED,31,supply,supply_lean,same_side_lean,743.75-745.25,7741.5,20.902,event_forward,depleted,0.813,0.0,7.5,True,12.0,37.7,3,1,2,1,137.84,29:same_side_lean:HOLD:7745-7747.25;30:direct_consumption:CONSUMED:7743.5-7745.25;31:same_side_lean:OWNED:7743.75-7745.25,opposition_depleted,,0,0,,3,"14:00:34 741-742.75,14:00:34 741.25-742.50,14:01:19 736.75-740.50",17.75,0.25,14:26:35,reject_depleted_contact
es_20260827_1330_short_7748,14:10:55,OWNED,32,supply,supply_lean,same_side_lean,736.75-739.75,7734.25,51.384,event_forward,replenished,1.143,0.0,14.75,True,4.75,75.3,4,1,3,2,189.22,29:same_side_lean:HOLD:7745-7747.25;30:direct_consumption:CONSUMED:7743.5-7745.25;31:same_side_lean:OWNED:7743.75-7745.25;32:same_side_lean:OWNED:7736.75-7739.75,opposition_failed,,3,60.16,"14:09:12 736.75-740.50,14:09:18 736.50-737.50,14:10:54 735.75-736",0,,10.5,2.0,14:26:35,scale_out_zone
es_20260827_1330_short_7748,14:11:35,TEST,32,supply,supply_lean,same_side_lean,736.75-739.75,7735.75,51.384,latest_test,replenished,1.261,0.0,14.75,True,6.25,67.5,4,1,3,2,189.22,29:same_side_lean:HOLD:7745-7747.25;30:direct_consumption:CONSUMED:7743.5-7745.25;31:same_side_lean:OWNED:7743.75-7745.25;32:same_side_lean:TEST:7736.75-7739.75,opposition_failed,,3,60.16,"14:09:12 736.75-740.50,14:09:18 736.50-737.50,14:10:54 735.75-736",0,,12.0,0.5,14:26:35,watch_contact
es_20260827_1330_short_7748,14:12:34,HOLD,32,supply,supply_lean,same_side_lean,736.75-739.75,7734.25,51.384,latest_test,replenished,1.261,0.0,14.75,True,4.75,75.3,4,1,3,2,189.22,29:same_side_lean:HOLD:7745-7747.25;30:direct_consumption:CONSUMED:7743.5-7745.25;31:same_side_lean:OWNED:7743.75-7745.25;32:same_side_lean:HOLD:7736.75-7739.75,held_after_test_and_opposition_failed,,1,10.73,14:10:54 735.75-736,0,,10.5,2.0,14:26:35,scale_out_zone
es_20260827_1330_short_7748,14:12:45,CONSUMED,33,supply,demand_consumed,direct_consumption,736.25-739.25,7733.75,34.133,event_forward,replenished,1.041,0.0,15.25,True,4.25,77.9,5,2,3,3,223.35,29:same_side_lean:HOLD:7745-7747.25;30:direct_consumption:CONSUMED:7743.5-7745.25;31:same_side_lean:OWNED:7743.75-7745.25;32:same_side_lean:HOLD:7736.75-7739.75;33:direct_consumption:CONSUMED:7736.25-7739.25,opposition_failed,,1,10.73,14:10:54 735.75-736,0,,10.0,2.5,14:26:35,scale_out_zone
es_20260827_1330_short_7748,14:12:45,CONSUMED,34,supply,demand_consumed,direct_consumption,736.25-737.25,7733.75,13.501,event_forward,replenished,1.085,0.0,15.25,True,4.25,77.9,6,3,3,4,236.85,30:direct_consumption:CONSUMED:7743.5-7745.25;31:same_side_lean:OWNED:7743.75-7745.25;32:same_side_lean:HOLD:7736.75-7739.75;33:direct_consumption:CONSUMED:7736.25-7739.25;34:direct_consumption:CONSUMED:7736.25-7737.25,opposition_failed,,1,10.73,14:10:54 735.75-736,0,,10.0,2.5,14:26:35,scale_out_zone
es_20260827_1330_short_7748,14:13:00,TEST,33,supply,demand_consumed,direct_consumption,736.25-739.25,7735.25,34.133,latest_test,depleted,0.979,0.0,15.25,True,5.75,70.1,6,3,3,3,236.85,30:direct_consumption:CONSUMED:7743.5-7745.25;31:same_side_lean:OWNED:7743.75-7745.25;32:same_side_lean:HOLD:7736.75-7739.75;34:direct_consumption:CONSUMED:7736.25-7737.25;33:direct_consumption:TEST:7736.25-7739.25,opposition_failed,,3,48.69,"14:10:54 735.75-736,14:12:45 735-736.50,14:12:45 735-737",0,,11.5,1.0,14:26:35,scale_out_zone
es_20260827_1330_short_7748,14:13:00,TEST,34,supply,demand_consumed,direct_consumption,736.25-737.25,7735.25,13.501,latest_test,replenished,1.037,0.0,15.25,True,5.75,70.1,6,3,3,3,236.85,30:direct_consumption:CONSUMED:7743.5-7745.25;31:same_side_lean:OWNED:7743.75-7745.25;32:same_side_lean:HOLD:7736.75-7739.75;33:direct_consumption:TEST:7736.25-7739.25;34:direct_consumption:TEST:7736.25-7737.25,opposition_failed,,3,48.69,"14:10:54 735.75-736,14:12:45 735-736.50,14:12:45 735-737",0,,11.5,1.0,14:26:35,scale_out_zone
es_20260827_1330_short_7748,14:13:29,HOLD,33,supply,demand_consumed,direct_consumption,736.25-739.25,7733.5,34.133,latest_test,depleted,0.979,0.0,15.25,True,4.0,79.2,6,3,3,3,236.85,30:direct_consumption:CONSUMED:7743.5-7745.25;31:same_side_lean:OWNED:7743.75-7745.25;32:same_side_lean:HOLD:7736.75-7739.75;34:direct_consumption:TEST:7736.25-7737.25;33:direct_consumption:HOLD:7736.25-7739.25,held_after_test_and_opposition_failed,,3,48.69,"14:10:54 735.75-736,14:12:45 735-736.50,14:12:45 735-737",0,,9.75,2.75,14:26:35,scale_out_zone
es_20260827_1330_short_7748,14:13:29,HOLD,34,supply,demand_consumed,direct_consumption,736.25-737.25,7733.5,13.501,latest_test,replenished,1.037,0.0,15.25,True,4.0,79.2,6,3,3,3,236.85,30:direct_consumption:CONSUMED:7743.5-7745.25;31:same_side_lean:OWNED:7743.75-7745.25;32:same_side_lean:HOLD:7736.75-7739.75;33:direct_consumption:HOLD:7736.25-7739.25;34:direct_consumption:HOLD:7736.25-7737.25,held_after_test_and_opposition_failed,,3,48.69,"14:10:54 735.75-736,14:12:45 735-736.50,14:12:45 735-737",0,,9.75,2.75,14:26:35,scale_out_zone
es_20260827_1330_short_7748,14:14:01,CONSUMED,35,supply,demand_consumed,direct_consumption,735.25-735.50,7732.0,10.955,event_forward,replenished,1.235,0.0,16.0,True,2.5,87.0,6,4,2,3,191.31,31:same_side_lean:OWNED:7743.75-7745.25;32:same_side_lean:HOLD:7736.75-7739.75;33:direct_consumption:HOLD:7736.25-7739.25;34:direct_consumption:HOLD:7736.25-7737.25;35:direct_consumption:CONSUMED:7735.25-7735.5,opposition_failed,,2,37.97,"14:12:45 735-736.50,14:12:45 735-737",0,,8.25,4.25,14:26:35,scale_out_zone
es_20260827_1330_short_7748,14:14:46,TEST,35,supply,demand_consumed,direct_consumption,735.25-735.50,7734.25,10.955,latest_test,replenished,1.341,0.0,18.0,True,4.75,75.3,7,4,3,4,247.81,31:same_side_lean:OWNED:7743.75-7745.25;32:same_side_lean:HOLD:7736.75-7739.75;33:direct_consumption:HOLD:7736.25-7739.25;34:direct_consumption:HOLD:7736.25-7737.25;35:direct_consumption:TEST:7735.25-7735.5,opposition_failed,,2,37.97,"14:12:45 735-736.50,14:12:45 735-737",0,,10.5,2.0,14:26:35,scale_out_zone
es_20260827_1330_short_7748,14:16:08,HOLD,35,supply,demand_consumed,direct_consumption,735.25-735.50,7732.75,10.955,latest_test,replenished,1.341,0.0,18.0,True,3.25,83.1,6,4,2,3,191.31,31:same_side_lean:OWNED:7743.75-7745.25;32:same_side_lean:HOLD:7736.75-7739.75;33:direct_consumption:HOLD:7736.25-7739.25;34:direct_consumption:HOLD:7736.25-7737.25;35:direct_consumption:HOLD:7735.25-7735.5,held_after_test,,0,0,,0,,9.0,3.5,14:26:35,scale_out_zone
es_20260827_1330_short_7748,14:18:03,TEST,35,supply,demand_consumed,direct_consumption,735.25-735.50,7734.5,10.955,latest_test,depleted,0.807,0.302,18.0,True,5.0,74.0,4,3,1,2,109.97,32:same_side_lean:HOLD:7736.75-7739.75;33:direct_consumption:HOLD:7736.25-7739.25;34:direct_consumption:HOLD:7736.25-7737.25;35:direct_consumption:TEST:7735.25-7735.5,none,,0,0,,0,,10.75,1.75,14:26:35,scale_out_zone
es_20260827_1330_short_7748,14:18:07,TEST,33,supply,demand_consumed,direct_consumption,736.25-739.25,7735.25,34.133,latest_test,replenished,1.141,0.0,18.0,True,5.75,70.1,4,3,1,3,109.97,32:same_side_lean:HOLD:7736.75-7739.75;34:direct_consumption:HOLD:7736.25-7737.25;35:direct_consumption:TEST:7735.25-7735.5;33:direct_consumption:TEST:7736.25-7739.25,none,,0,0,,0,,11.5,1.0,14:26:35,scale_out_zone
es_20260827_1330_short_7748,14:18:07,TEST,34,supply,demand_consumed,direct_consumption,736.25-737.25,7735.25,13.501,latest_test,replenished,1.099,0.0,18.0,True,5.75,70.1,4,3,1,3,109.97,32:same_side_lean:HOLD:7736.75-7739.75;35:direct_consumption:TEST:7735.25-7735.5;33:direct_consumption:TEST:7736.25-7739.25;34:direct_consumption:TEST:7736.25-7737.25,none,,0,0,,0,,11.5,1.0,14:26:35,scale_out_zone
es_20260827_1330_short_7748,14:19:00,TEST,32,supply,supply_lean,same_side_lean,736.75-739.75,7735.75,51.384,latest_test,replenished,1.103,0.0,18.0,True,6.25,67.5,4,3,1,3,109.97,35:direct_consumption:TEST:7735.25-7735.5;33:direct_consumption:TEST:7736.25-7739.25;34:direct_consumption:TEST:7736.25-7737.25;32:same_side_lean:TEST:7736.75-7739.75,none,,0,0,,0,,12.0,0.5,14:26:35,watch_contact
es_20260827_1330_short_7748,14:19:39,HOLD,32,supply,supply_lean,same_side_lean,736.75-739.75,7734.25,51.384,latest_test,replenished,1.103,0.0,18.0,True,4.75,75.3,4,3,1,3,109.97,35:direct_consumption:TEST:7735.25-7735.5;33:direct_consumption:TEST:7736.25-7739.25;34:direct_consumption:TEST:7736.25-7737.25;32:same_side_lean:HOLD:7736.75-7739.75,held_after_test,,0,0,,0,,10.5,1.5,14:26:35,scale_out_zone
es_20260827_1330_short_7748,14:19:42,HOLD,33,supply,demand_consumed,direct_consumption,736.25-739.25,7733.75,34.133,latest_test,replenished,1.141,0.0,18.0,True,4.25,77.9,4,3,1,3,109.97,35:direct_consumption:TEST:7735.25-7735.5;34:direct_consumption:TEST:7736.25-7737.25;32:same_side_lean:HOLD:7736.75-7739.75;33:direct_consumption:HOLD:7736.25-7739.25,held_after_test,,0,0,,0,,10.0,2.0,14:26:35,scale_out_zone
es_20260827_1330_short_7748,14:19:42,HOLD,34,supply,demand_consumed,direct_consumption,736.25-737.25,7733.75,13.501,latest_test,replenished,1.099,0.0,18.0,True,4.25,77.9,4,3,1,3,109.97,35:direct_consumption:TEST:7735.25-7735.5;32:same_side_lean:HOLD:7736.75-7739.75;33:direct_consumption:HOLD:7736.25-7739.25;34:direct_consumption:HOLD:7736.25-7737.25,held_after_test,,0,0,,0,,10.0,2.0,14:26:35,scale_out_zone
es_20260827_1330_short_7748,14:20:26,TEST,33,supply,demand_consumed,direct_consumption,736.25-739.25,7735.25,34.133,latest_test,replenished,1.043,0.0,18.0,True,5.75,70.1,4,3,1,3,109.97,35:direct_consumption:TEST:7735.25-7735.5;32:same_side_lean:HOLD:7736.75-7739.75;34:direct_consumption:HOLD:7736.25-7737.25;33:direct_consumption:TEST:7736.25-7739.25,none,,0,0,,0,,11.5,0.5,14:26:35,scale_out_zone
es_20260827_1330_short_7748,14:20:26,TEST,34,supply,demand_consumed,direct_consumption,736.25-737.25,7735.25,13.501,latest_test,replenished,1.064,0.0,18.0,True,5.75,70.1,4,3,1,3,109.97,35:direct_consumption:TEST:7735.25-7735.5;32:same_side_lean:HOLD:7736.75-7739.75;33:direct_consumption:TEST:7736.25-7739.25;34:direct_consumption:TEST:7736.25-7737.25,none,,0,0,,0,,11.5,0.5,14:26:35,scale_out_zone
es_20260827_1330_short_7748,14:21:27,HOLD,33,supply,demand_consumed,direct_consumption,736.25-739.25,7733.75,34.133,latest_test,replenished,1.043,0.0,18.0,True,4.25,77.9,4,3,1,3,109.97,35:direct_consumption:TEST:7735.25-7735.5;32:same_side_lean:HOLD:7736.75-7739.75;34:direct_consumption:TEST:7736.25-7737.25;33:direct_consumption:HOLD:7736.25-7739.25,held_after_test,,0,0,,0,,10.0,2.0,14:26:35,scale_out_zone
es_20260827_1330_short_7748,14:21:27,HOLD,34,supply,demand_consumed,direct_consumption,736.25-737.25,7733.75,13.501,latest_test,replenished,1.064,0.0,18.0,True,4.25,77.9,4,3,1,3,109.97,35:direct_consumption:TEST:7735.25-7735.5;32:same_side_lean:HOLD:7736.75-7739.75;33:direct_consumption:HOLD:7736.25-7739.25;34:direct_consumption:HOLD:7736.25-7737.25,held_after_test,,0,0,,0,,10.0,2.0,14:26:35,scale_out_zone
es_20260827_1330_short_7748,14:22:10,TEST,33,supply,demand_consumed,direct_consumption,736.25-739.25,7735.25,34.133,latest_test,replenished,1.043,0.0,18.0,True,5.75,70.1,4,3,1,3,109.97,35:direct_consumption:TEST:7735.25-7735.5;32:same_side_lean:HOLD:7736.75-7739.75;34:direct_consumption:HOLD:7736.25-7737.25;33:direct_consumption:TEST:7736.25-7739.25,none,,0,0,,0,,11.5,0.5,14:26:35,scale_out_zone
es_20260827_1330_short_7748,14:22:10,TEST,34,supply,demand_consumed,direct_consumption,736.25-737.25,7735.25,13.501,latest_test,replenished,1.036,0.0,18.0,True,5.75,70.1,4,3,1,3,109.97,35:direct_consumption:TEST:7735.25-7735.5;32:same_side_lean:HOLD:7736.75-7739.75;33:direct_consumption:TEST:7736.25-7739.25;34:direct_consumption:TEST:7736.25-7737.25,none,,0,0,,0,,11.5,0.5,14:26:35,scale_out_zone
es_20260827_1330_short_7748,14:22:47,HOLD,33,supply,demand_consumed,direct_consumption,736.25-739.25,7733.5,34.133,latest_test,replenished,1.043,0.0,18.0,True,4.0,79.2,4,3,1,3,109.97,35:direct_consumption:TEST:7735.25-7735.5;32:same_side_lean:HOLD:7736.75-7739.75;34:direct_consumption:TEST:7736.25-7737.25;33:direct_consumption:HOLD:7736.25-7739.25,held_after_test,,0,0,,0,,9.75,1.0,14:26:35,scale_out_zone
es_20260827_1330_short_7748,14:22:47,HOLD,34,supply,demand_consumed,direct_consumption,736.25-737.25,7733.5,13.501,latest_test,replenished,1.036,0.0,18.0,True,4.0,79.2,4,3,1,3,109.97,35:direct_consumption:TEST:7735.25-7735.5;32:same_side_lean:HOLD:7736.75-7739.75;33:direct_consumption:HOLD:7736.25-7739.25;34:direct_consumption:HOLD:7736.25-7737.25,held_after_test,,0,0,,0,,9.75,1.0,14:26:35,scale_out_zone
es_20260827_1330_short_7748,14:23:45,HOLD,35,supply,demand_consumed,direct_consumption,735.25-735.50,7732.5,10.955,event_forward,replenished,1.167,0.0,18.0,True,3.0,84.4,4,3,1,4,109.97,32:same_side_lean:HOLD:7736.75-7739.75;33:direct_consumption:HOLD:7736.25-7739.25;34:direct_consumption:HOLD:7736.25-7737.25;35:direct_consumption:HOLD:7735.25-7735.5,none,,0,0,,0,,8.75,1.0,14:26:35,scale_out_zone
es_20260827_1330_short_7748,14:25:41,OWNED,37,supply,supply_lean,same_side_lean,732.75-735.25,7730.5,65.884,event_forward,replenished,1.204,0.0,18.5,True,1.0,94.8,5,3,2,5,175.86,32:same_side_lean:HOLD:7736.75-7739.75;33:direct_consumption:HOLD:7736.25-7739.25;34:direct_consumption:HOLD:7736.25-7737.25;35:direct_consumption:HOLD:7735.25-7735.5;37:same_side_lean:OWNED:7732.75-7735.25,none,,0,0,,0,,6.75,1.5,14:26:35,scale_out_zone
es_20260827_1330_short_7748,14:25:41,CONSUMED,38,supply,demand_consumed,direct_consumption,733-735.50,7730.5,34.819,event_forward,replenished,1.137,0.0,18.5,True,1.0,94.8,6,4,2,6,210.68,33:direct_consumption:HOLD:7736.25-7739.25;34:direct_consumption:HOLD:7736.25-7737.25;35:direct_consumption:HOLD:7735.25-7735.5;37:same_side_lean:OWNED:7732.75-7735.25;38:direct_consumption:CONSUMED:7733-7735.5,none,,0,0,,0,,6.75,1.5,14:26:35,scale_out_zone
es_20260827_1330_short_7748,14:26:42,OWNED,39,supply,supply_lean,same_side_lean,732.25-733,7729.75,8.424,event_forward,replenished,1.782,0.0,19.25,True,0.25,98.7,7,4,3,7,219.1,34:direct_consumption:HOLD:7736.25-7737.25;35:direct_consumption:HOLD:7735.25-7735.5;37:same_side_lean:OWNED:7732.75-7735.25;38:direct_consumption:CONSUMED:7733-7735.5;39:same_side_lean:OWNED:7732.25-7733,none,,0,0,,0,,6.0,2.25,14:26:48,scale_out_zone
es_20260827_1330_short_7748,14:26:52,CONSUMED,36,supply,demand_consumed,direct_consumption,732-733.75,7729.75,59.278,event_forward,replenished,1.186,0.0,19.25,True,0.25,98.7,8,5,3,8,278.38,35:direct_consumption:HOLD:7735.25-7735.5;37:same_side_lean:OWNED:7732.75-7735.25;38:direct_consumption:CONSUMED:7733-7735.5;39:same_side_lean:OWNED:7732.25-7733;36:direct_consumption:CONSUMED:7732-7733.75,none,,0,0,,0,,6.0,2.25,14:26:53,scale_out_zone
es_20260827_1330_short_7748,14:34:00,OWNED,42,supply,supply_lean,same_side_lean,729.50-729.75,7726.25,18.082,event_forward,depleted,0.562,0.0,25.0,True,-3.25,100.0,9,5,4,8,296.46,37:same_side_lean:OWNED:7732.75-7735.25;38:direct_consumption:CONSUMED:7733-7735.5;39:same_side_lean:OWNED:7732.25-7733;36:direct_consumption:CONSUMED:7732-7733.75;42:same_side_lean:OWNED:7729.5-7729.75,opposition_depleted,,0,0,,1,14:33:40 724.25-727,0.75,5.75,14:34:00,scale_out_zone
es_20260827_1330_short_7748,14:37:14,TEST,42,supply,supply_lean,same_side_lean,729.50-729.75,7728.5,18.082,latest_test,depleted,0.924,0.205,25.0,True,-1.0,100.0,8,5,3,7,245.08,37:same_side_lean:OWNED:7732.75-7735.25;38:direct_consumption:CONSUMED:7733-7735.5;39:same_side_lean:OWNED:7732.25-7733;36:direct_consumption:CONSUMED:7732-7733.75;42:same_side_lean:TEST:7729.5-7729.75,none,,0,0,,0,,0.25,3.5,14:37:14,scale_out_zone
es_20260827_1330_short_7748,14:38:41,TEST,36,supply,demand_consumed,direct_consumption,732-733.75,7731.0,59.278,latest_test,replenished,1.408,0.0,25.0,True,1.5,92.2,6,3,3,5,197.44,37:same_side_lean:OWNED:7732.75-7735.25;38:direct_consumption:CONSUMED:7733-7735.5;39:same_side_lean:OWNED:7732.25-7733;42:same_side_lean:TEST:7729.5-7729.75;36:direct_consumption:TEST:7732-7733.75,none,,0,0,,0,,1.5,1.0,14:39:27,scale_out_zone
es_20260827_1330_short_7748,14:38:44,FAIL,42,supply,supply_lean,same_side_lean,729.50-729.75,7731.0,18.082,latest_test,depleted,0.924,0.205,25.0,True,1.5,92.2,5,3,2,5,179.36,35:direct_consumption:HOLD:7735.25-7735.5;37:same_side_lean:OWNED:7732.75-7735.25;38:direct_consumption:CONSUMED:7733-7735.5;39:same_side_lean:OWNED:7732.25-7733;36:direct_consumption:TEST:7732-7733.75,reestablished_after_same_side_fail,14:38:44 729.50-729.75,0,0,,0,,1.5,1.0,14:39:27,scale_out_zone
es_20260827_1330_short_7748,14:39:34,HOLD,36,supply,demand_consumed,direct_consumption,732-733.75,7729.5,59.278,latest_test,replenished,1.408,0.0,25.0,True,0.0,100.0,4,2,2,4,168.41,37:same_side_lean:OWNED:7732.75-7735.25;38:direct_consumption:CONSUMED:7733-7735.5;39:same_side_lean:OWNED:7732.25-7733;36:direct_consumption:HOLD:7732-7733.75,held_after_test,,0,0,,0,,0.0,2.5,14:39:34,scale_out_zone
es_20260827_1330_short_7748,14:39:49,TEST,39,supply,supply_lean,same_side_lean,732.25-733,7731.25,8.424,latest_test,depleted,0.828,0.0,25.0,True,1.75,90.9,4,2,2,3,168.41,37:same_side_lean:OWNED:7732.75-7735.25;38:direct_consumption:CONSUMED:7733-7735.5;36:direct_consumption:HOLD:7732-7733.75;39:same_side_lean:TEST:7732.25-7733,none,,0,0,,0,,0.5,0.75,-,scale_out_zone
es_20260827_1330_short_7748,14:39:49,TEST,36,supply,demand_consumed,direct_consumption,732-733.75,7731.25,59.278,latest_test,depleted,0.852,0.061,25.0,True,1.75,90.9,4,2,2,2,168.41,37:same_side_lean:OWNED:7732.75-7735.25;38:direct_consumption:CONSUMED:7733-7735.5;39:same_side_lean:TEST:7732.25-7733;36:direct_consumption:TEST:7732-7733.75,none,,0,0,,0,,0.5,0.75,-,scale_out_zone
es_20260827_1330_short_7748,14:39:55,TEST,37,supply,supply_lean,same_side_lean,732.75-735.25,7731.75,65.884,latest_test,replenished,1.06,0.0,25.0,True,2.25,88.3,4,2,2,2,168.41,38:direct_consumption:CONSUMED:7733-7735.5;39:same_side_lean:TEST:7732.25-7733;36:direct_consumption:TEST:7732-7733.75;37:same_side_lean:TEST:7732.75-7735.25,none,,0,0,,0,,0.25,0.25,-,scale_out_zone
es_20260828_1120_short_7780,11:20:12,TEST,39,supply,demand_consumed,direct_consumption,775.75-781.75,7774.75,76.026,latest_test,depleted,0.999,0.162,7.75,True,34.75,13.1,2,1,1,0,105.84,41:same_side_lean:TEST:7773-7777.75;39:direct_consumption:TEST:7775.75-7781.75,none,,0,0,,0,,54.75,6.75,11:56:40,watch_contact
es_20260828_1120_short_7780,11:21:38,HOLD,39,supply,demand_consumed,direct_consumption,775.75-781.75,7772.5,76.026,latest_test,depleted,0.999,0.162,7.75,True,32.5,18.8,2,1,1,0,105.84,41:same_side_lean:TEST:7773-7777.75;39:direct_consumption:HOLD:7775.75-7781.75,held_after_test,,0,0,,0,,52.5,9.0,11:56:40,reject_depleted_contact
es_20260828_1120_short_7780,11:23:13,TEST,39,supply,demand_consumed,direct_consumption,775.75-781.75,7774.75,76.026,latest_test,depleted,0.917,0.206,7.75,True,34.75,13.1,2,1,1,0,105.84,41:same_side_lean:TEST:7773-7777.75;39:direct_consumption:TEST:7775.75-7781.75,none,,0,0,,0,,54.75,6.75,11:56:40,watch_contact
es_20260828_1120_short_7780,11:23:27,TEST,40,supply,supply_lean,same_side_lean,778.25-781.75,7777.25,72.489,latest_test,replenished,1.032,0.022,7.75,True,37.25,6.9,3,1,2,1,178.33,41:same_side_lean:TEST:7773-7777.75;39:direct_consumption:TEST:7775.75-7781.75;40:same_side_lean:TEST:7778.25-7781.75,none,,0,0,,0,,57.25,4.25,11:56:40,watch_contact
es_20260828_1120_short_7780,11:23:44,HOLD,40,supply,supply_lean,same_side_lean,778.25-781.75,7775.75,72.489,latest_test,replenished,1.032,0.022,7.75,True,35.75,10.6,3,1,2,1,178.33,41:same_side_lean:TEST:7773-7777.75;39:direct_consumption:TEST:7775.75-7781.75;40:same_side_lean:HOLD:7778.25-7781.75,held_after_test,,0,0,,0,,55.75,5.75,11:56:40,stack_watch_retest_only
es_20260828_1120_short_7780,11:23:58,TEST,40,supply,supply_lean,same_side_lean,778.25-781.75,7777.25,72.489,latest_test,replenished,1.033,0.064,7.75,True,37.25,6.9,3,1,2,1,178.33,41:same_side_lean:TEST:7773-7777.75;39:direct_consumption:TEST:7775.75-7781.75;40:same_side_lean:TEST:7778.25-7781.75,none,,0,0,,0,,57.25,4.25,11:56:40,watch_contact
es_20260828_1120_short_7780,11:25:54,FAIL,41,supply,supply_lean,same_side_lean,773-777.75,7779.5,29.816,event_forward,no-flow,,,7.75,True,39.5,1.2,2,1,1,1,148.51,39:direct_consumption:TEST:7775.75-7781.75;40:same_side_lean:TEST:7778.25-7781.75,reestablished_after_same_side_fail,11:25:54 773-777.75,0,0,,0,,59.5,2.0,11:56:40,watch_contact
es_20260828_1120_short_7780,11:31:14,HOLD,40,supply,supply_lean,same_side_lean,778.25-781.75,7775.5,72.489,event_forward,depleted,0.958,0.0,7.75,True,35.5,11.2,2,1,1,0,148.51,39:direct_consumption:TEST:7775.75-7781.75;40:same_side_lean:HOLD:7778.25-7781.75,none,,0,0,,0,,55.5,3.0,11:56:40,reject_depleted_contact
es_20260828_1120_short_7780,11:31:32,OWNED,48,supply,supply_lean,same_side_lean,778.50-779.50,7776.5,13.585,event_forward,replenished,1.022,0.0,7.75,True,36.5,8.8,3,1,2,1,162.1,39:direct_consumption:TEST:7775.75-7781.75;40:same_side_lean:HOLD:7778.25-7781.75;48:same_side_lean:OWNED:7778.5-7779.5,none,,0,0,,0,,56.5,2.0,11:56:40,stack_watch_no_renewal
es_20260828_1120_short_7780,11:32:09,TEST,40,supply,supply_lean,same_side_lean,778.25-781.75,7777.25,72.489,latest_test,replenished,1.135,0.0,7.75,True,37.25,6.9,3,1,2,2,162.1,39:direct_consumption:TEST:7775.75-7781.75;48:same_side_lean:OWNED:7778.5-7779.5;40:same_side_lean:TEST:7778.25-7781.75,none,,0,0,,0,,57.25,1.25,11:56:40,watch_contact
es_20260828_1120_short_7780,11:32:17,TEST,48,supply,supply_lean,same_side_lean,778.50-779.50,7777.5,13.585,latest_test,replenished,1.198,0.0,7.75,True,37.5,6.2,3,1,2,2,162.1,39:direct_consumption:TEST:7775.75-7781.75;40:same_side_lean:TEST:7778.25-7781.75;48:same_side_lean:TEST:7778.5-7779.5,none,,0,0,,0,,57.5,1.0,11:56:40,watch_contact
es_20260828_1120_short_7780,11:34:09,HOLD,40,supply,supply_lean,same_side_lean,778.25-781.75,7775.75,72.489,latest_test,replenished,1.135,0.0,7.75,True,35.75,10.6,3,1,2,2,162.1,39:direct_consumption:TEST:7775.75-7781.75;48:same_side_lean:TEST:7778.5-7779.5;40:same_side_lean:HOLD:7778.25-7781.75,held_after_test_and_opposition_failed,,0,0,,2,"11:34:09 773.75-775,11:34:09 772.50-775.25",55.75,1.0,11:56:40,sponsor_stack_add
es_20260828_1120_short_7780,11:34:09,HOLD,48,supply,supply_lean,same_side_lean,778.50-779.50,7775.75,13.585,latest_test,replenished,1.198,0.0,7.75,True,35.75,10.6,3,1,2,2,162.1,39:direct_consumption:TEST:7775.75-7781.75;40:same_side_lean:HOLD:7778.25-7781.75;48:same_side_lean:HOLD:7778.5-7779.5,held_after_test_and_opposition_failed,,0,0,,2,"11:34:09 773.75-775,11:34:09 772.50-775.25",55.75,1.0,11:56:40,sponsor_stack_add
es_20260828_1120_short_7780,11:35:03,CONSUMED,49,supply,demand_consumed,direct_consumption,776.50-777.50,7773.75,25.801,event_forward,replenished,1.015,0.0,7.75,True,33.75,15.6,4,2,2,3,187.9,39:direct_consumption:TEST:7775.75-7781.75;40:same_side_lean:HOLD:7778.25-7781.75;48:same_side_lean:HOLD:7778.5-7779.5;49:direct_consumption:CONSUMED:7776.5-7777.5,opposition_depleted,,0,0,,2,"11:34:09 773.75-775,11:34:09 772.50-775.25",53.75,1.75,11:56:40,sponsor_stack_add
es_20260828_1120_short_7780,11:36:16,HOLD,39,supply,demand_consumed,direct_consumption,775.75-781.75,7773.0,76.026,event_forward,replenished,1.06,0.0,7.75,True,33.0,17.5,4,2,2,4,187.9,40:same_side_lean:HOLD:7778.25-7781.75;48:same_side_lean:HOLD:7778.5-7779.5;49:direct_consumption:CONSUMED:7776.5-7777.5;39:direct_consumption:HOLD:7775.75-7781.75,opposition_failed,,1,11.26,11:35:03 775.25-778,2,"11:34:09 773.75-775,11:34:09 772.50-775.25",53.0,2.25,11:56:40,sponsor_stack_add
es_20260828_1120_short_7780,11:36:33,TEST,39,supply,demand_consumed,direct_consumption,775.75-781.75,7775.0,76.026,latest_test,depleted,0.904,0.0,7.75,True,35.0,12.5,4,2,2,3,187.9,40:same_side_lean:HOLD:7778.25-7781.75;48:same_side_lean:HOLD:7778.5-7779.5;49:direct_consumption:CONSUMED:7776.5-7777.5;39:direct_consumption:TEST:7775.75-7781.75,opposition_failed,,1,11.26,11:35:03 775.25-778,2,"11:34:09 773.75-775,11:34:09 772.50-775.25",55.0,0.25,11:56:40,watch_contact
es_20260828_1120_short_7780,11:36:56,HOLD,39,supply,demand_consumed,direct_consumption,775.75-781.75,7773.25,76.026,latest_test,depleted,0.904,0.0,7.75,True,33.25,16.9,4,2,2,3,187.9,40:same_side_lean:HOLD:7778.25-7781.75;48:same_side_lean:HOLD:7778.5-7779.5;49:direct_consumption:CONSUMED:7776.5-7777.5;39:direct_consumption:HOLD:7775.75-7781.75,held_after_test_and_opposition_failed,,1,11.26,11:35:03 775.25-778,3,"11:34:09 773.75-775,11:34:09 772.50-775.25,11:36:56 766.75-772.50",53.25,0.5,11:56:40,reject_depleted_contact
es_20260828_1120_short_7780,11:37:23,OWNED,50,supply,supply_lean,same_side_lean,774.75-778,7772.0,18.861,event_forward,depleted,0.779,0.0,7.75,True,32.0,20.0,5,2,3,3,206.76,40:same_side_lean:HOLD:7778.25-7781.75;48:same_side_lean:HOLD:7778.5-7779.5;49:direct_consumption:CONSUMED:7776.5-7777.5;39:direct_consumption:HOLD:7775.75-7781.75;50:same_side_lean:OWNED:7774.75-7778,opposition_failed,,2,19.52,"11:35:03 775.25-778,11:37:21 773.75-775",1,11:36:56 766.75-772.50,52.0,1.25,11:56:40,reject_depleted_contact
es_20260828_1120_short_7780,11:40:17,CONSUMED,51,supply,demand_consumed,direct_consumption,767.25-772.50,7764.0,20.594,event_forward,depleted,0.314,0.0,16.25,True,24.0,40.0,3,2,1,0,115.48,39:direct_consumption:HOLD:7775.75-7781.75;50:same_side_lean:OWNED:7774.75-7778;51:direct_consumption:CONSUMED:7767.25-7772.5,opposition_failed,,5,141.52,"11:38:05 772.25-773.75,11:39:00 769-774.50,11:39:56 766.75-772.50",2,"11:39:12 763.50-765.50,11:40:08 762.50-763.50",44.0,0.75,11:56:40,reject_depleted_contact
es_20260828_1120_short_7780,11:40:49,OWNED,52,supply,supply_lean,same_side_lean,763.75-768.75,7760.0,32.162,event_forward,depleted,0.564,0.0,20.0,True,20.0,50.0,2,1,1,0,52.76,51:direct_consumption:CONSUMED:7767.25-7772.5;52:same_side_lean:OWNED:7763.75-7768.75,opposition_failed,,6,188.71,"11:39:56 766.75-772.50,11:40:38 763.50-765.50,11:40:47 762.50-763.50",4,"11:40:08 762.50-763.50,11:40:37 752.25-761,11:40:41 753.50-759.75",40.0,2.0,11:56:40,reject_depleted_contact
es_20260828_1120_short_7780,11:40:59,CONSUMED,53,supply,demand_consumed,direct_consumption,762.25-762.75,7758.25,16.119,event_forward,replenished,1.115,0.0,21.75,True,18.25,54.4,3,2,1,1,68.88,51:direct_consumption:CONSUMED:7767.25-7772.5;52:same_side_lean:OWNED:7763.75-7768.75;53:direct_consumption:CONSUMED:7762.25-7762.75,opposition_failed,,6,188.71,"11:39:56 766.75-772.50,11:40:38 763.50-765.50,11:40:47 762.50-763.50",4,"11:40:08 762.50-763.50,11:40:37 752.25-761,11:40:41 753.50-759.75",38.25,3.75,11:56:40,sponsor_stack_add_reduced
es_20260828_1120_short_7780,11:41:49,TEST,53,supply,demand_consumed,direct_consumption,762.25-762.75,7761.25,16.119,latest_test,replenished,1.123,0.0,24.5,True,21.25,46.9,3,2,1,1,68.88,51:direct_consumption:CONSUMED:7767.25-7772.5;52:same_side_lean:OWNED:7763.75-7768.75;53:direct_consumption:TEST:7762.25-7762.75,opposition_failed,,4,146.52,"11:39:56 766.75-772.50,11:40:38 763.50-765.50,11:40:47 762.50-763.50",4,"11:40:08 762.50-763.50,11:40:37 752.25-761,11:40:41 753.50-759.75",41.25,0.75,11:56:40,watch_contact
es_20260828_1120_short_7780,11:42:33,HOLD,53,supply,demand_consumed,direct_consumption,762.25-762.75,7759.5,16.119,latest_test,replenished,1.123,0.0,24.5,True,19.5,51.2,3,2,1,1,68.88,51:direct_consumption:CONSUMED:7767.25-7772.5;52:same_side_lean:OWNED:7763.75-7768.75;53:direct_consumption:HOLD:7762.25-7762.75,held_after_test_and_opposition_failed,,3,84.74,"11:39:56 766.75-772.50,11:40:38 763.50-765.50,11:40:47 762.50-763.50",3,"11:40:08 762.50-763.50,11:40:37 752.25-761,11:40:41 753.50-759.75",39.5,2.25,11:56:40,sponsor_stack_add_reduced
es_20260828_1120_short_7780,11:43:47,TEST,53,supply,demand_consumed,direct_consumption,762.25-762.75,7761.25,16.119,latest_test,depleted,0.959,0.0,24.5,True,21.25,46.9,3,2,1,0,68.88,51:direct_consumption:CONSUMED:7767.25-7772.5;52:same_side_lean:OWNED:7763.75-7768.75;53:direct_consumption:TEST:7762.25-7762.75,opposition_failed,,1,39.67,11:40:47 762.50-763.50,0,,41.25,0.5,11:56:40,watch_contact
es_20260828_1120_short_7780,11:44:00,HOLD,53,supply,demand_consumed,direct_consumption,762.25-762.75,7759.75,16.119,latest_test,depleted,0.959,0.0,24.5,True,19.75,50.6,3,2,1,0,68.88,51:direct_consumption:CONSUMED:7767.25-7772.5;52:same_side_lean:OWNED:7763.75-7768.75;53:direct_consumption:HOLD:7762.25-7762.75,held_after_test,,0,0,,0,,39.75,0.75,11:56:40,reject_depleted_contact
es_20260828_1120_short_7780,11:44:39,OWNED,54,supply,supply_lean,same_side_lean,760.25-761.75,7758.0,21.241,event_forward,depleted,0.846,0.0,24.5,True,18.0,55.0,4,2,2,0,90.12,51:direct_consumption:CONSUMED:7767.25-7772.5;52:same_side_lean:OWNED:7763.75-7768.75;53:direct_consumption:HOLD:7762.25-7762.75;54:same_side_lean:OWNED:7760.25-7761.75,none,,0,0,,0,,38.0,1.5,11:56:40,reject_depleted_contact
es_20260828_1120_short_7780,11:45:19,TEST,54,supply,supply_lean,same_side_lean,760.25-761.75,7759.25,21.241,latest_test,replenished,1.041,0.0,24.5,True,19.25,51.9,4,2,2,1,90.12,51:direct_consumption:CONSUMED:7767.25-7772.5;52:same_side_lean:OWNED:7763.75-7768.75;53:direct_consumption:HOLD:7762.25-7762.75;54:same_side_lean:TEST:7760.25-7761.75,none,,0,0,,0,,39.25,0.25,11:56:40,watch_contact
es_20260828_1120_short_7780,11:45:23,HOLD,54,supply,supply_lean,same_side_lean,760.25-761.75,7757.75,21.241,latest_test,replenished,1.041,0.0,24.5,True,17.75,55.6,4,2,2,1,90.12,51:direct_consumption:CONSUMED:7767.25-7772.5;52:same_side_lean:OWNED:7763.75-7768.75;53:direct_consumption:HOLD:7762.25-7762.75;54:same_side_lean:HOLD:7760.25-7761.75,held_after_test,,0,0,,0,,37.75,1.25,11:56:40,stack_watch_retest_only
es_20260828_1120_short_7780,11:48:05,CONSUMED,55,supply,demand_consumed,direct_consumption,756.75-758.50,7754.0,42.267,event_forward,replenished,1.374,0.0,26.25,True,14.0,65.0,4,2,2,2,111.79,52:same_side_lean:OWNED:7763.75-7768.75;53:direct_consumption:HOLD:7762.25-7762.75;54:same_side_lean:HOLD:7760.25-7761.75;55:direct_consumption:CONSUMED:7756.75-7758.5,none,,0,0,,0,,34.0,0.75,11:56:40,mature_path_hold_only
es_20260828_1120_short_7780,11:48:33,OWNED,56,supply,supply_lean,same_side_lean,754.50-758.50,7751.5,31.186,event_forward,replenished,1.209,0.0,28.5,True,11.5,71.2,4,2,2,3,110.81,53:direct_consumption:HOLD:7762.25-7762.75;54:same_side_lean:HOLD:7760.25-7761.75;55:direct_consumption:CONSUMED:7756.75-7758.5;56:same_side_lean:OWNED:7754.5-7758.5,opposition_failed,,1,42.18,11:48:30 753.50-759.75,1,11:48:14 746.75-752.50,31.5,2.5,11:56:40,mature_path_hold_only
es_20260828_1120_short_7780,11:48:43,TEST,56,supply,supply_lean,same_side_lean,754.50-758.50,7753.5,31.186,latest_test,replenished,1.188,0.0,29.0,True,13.5,66.2,5,2,3,3,142.97,52:same_side_lean:OWNED:7763.75-7768.75;53:direct_consumption:HOLD:7762.25-7762.75;54:same_side_lean:HOLD:7760.25-7761.75;55:direct_consumption:CONSUMED:7756.75-7758.5;56:same_side_lean:TEST:7754.5-7758.5,opposition_failed,,1,42.18,11:48:30 753.50-759.75,1,11:48:14 746.75-752.50,33.5,0.5,11:56:40,watch_contact
es_20260828_1120_short_7780,11:49:02,HOLD,56,supply,supply_lean,same_side_lean,754.50-758.50,7751.5,31.186,latest_test,replenished,1.188,0.0,29.0,True,11.5,71.2,4,2,2,3,110.81,53:direct_consumption:HOLD:7762.25-7762.75;54:same_side_lean:HOLD:7760.25-7761.75;55:direct_consumption:CONSUMED:7756.75-7758.5;56:same_side_lean:HOLD:7754.5-7758.5,held_after_test_and_opposition_failed,,1,42.18,11:48:30 753.50-759.75,1,11:48:14 746.75-752.50,31.5,2.5,11:56:40,mature_path_hold_only
es_20260828_1120_short_7780,11:50:18,TEST,56,supply,supply_lean,same_side_lean,754.50-758.50,7753.5,31.186,latest_test,depleted,0.981,0.0,29.25,True,13.5,66.2,5,2,3,2,142.97,52:same_side_lean:OWNED:7763.75-7768.75;53:direct_consumption:HOLD:7762.25-7762.75;54:same_side_lean:HOLD:7760.25-7761.75;55:direct_consumption:CONSUMED:7756.75-7758.5;56:same_side_lean:TEST:7754.5-7758.5,opposition_failed,,2,108.21,"11:48:30 753.50-759.75,11:49:12 752.25-761",1,11:48:14 746.75-752.50,33.5,0.5,11:56:40,watch_contact
es_20260828_1120_short_7780,11:50:32,HOLD,56,supply,supply_lean,same_side_lean,754.50-758.50,7752.0,31.186,latest_test,depleted,0.981,0.0,29.25,True,12.0,70.0,5,2,3,2,142.97,52:same_side_lean:OWNED:7763.75-7768.75;53:direct_consumption:HOLD:7762.25-7762.75;54:same_side_lean:HOLD:7760.25-7761.75;55:direct_consumption:CONSUMED:7756.75-7758.5;56:same_side_lean:HOLD:7754.5-7758.5,held_after_test_and_opposition_failed,,2,108.21,"11:48:30 753.50-759.75,11:49:12 752.25-761",1,11:48:14 746.75-752.50,32.0,1.5,11:56:40,reject_depleted_contact
es_20260828_1120_short_7780,11:51:32,OWNED,57,supply,supply_lean,same_side_lean,752.75-753,7749.5,10.719,event_forward,depleted,0.583,0.0,30.75,True,9.5,76.2,4,1,3,2,105.41,54:same_side_lean:HOLD:7760.25-7761.75;55:direct_consumption:CONSUMED:7756.75-7758.5;56:same_side_lean:HOLD:7754.5-7758.5;57:same_side_lean:OWNED:7752.75-7753,opposition_failed,,1,66.02,11:49:12 752.25-761,0,,29.5,1.0,11:56:40,reject_depleted_contact
es_20260828_1120_short_7780,11:51:59,CONSUMED,58,supply,demand_consumed,direct_consumption,750-752.75,7746.5,26.417,event_forward,depleted,0.959,0.0,33.5,True,6.5,83.8,4,2,2,1,110.59,55:direct_consumption:CONSUMED:7756.75-7758.5;56:same_side_lean:HOLD:7754.5-7758.5;57:same_side_lean:OWNED:7752.75-7753;58:direct_consumption:CONSUMED:7750-7752.75,opposition_failed,,2,94.42,"11:49:12 752.25-761,11:51:47 749.50-753",1,11:51:37 738-747.50,26.5,4.0,11:56:40,reject_depleted_contact
es_20260828_1120_short_7780,11:54:49,TEST,58,supply,demand_consumed,direct_consumption,750-752.75,7749.25,26.417,latest_test,depleted,0.994,0.18,36.5,True,9.25,76.9,5,2,3,2,131.83,54:same_side_lean:HOLD:7760.25-7761.75;55:direct_consumption:CONSUMED:7756.75-7758.5;56:same_side_lean:HOLD:7754.5-7758.5;57:same_side_lean:OWNED:7752.75-7753;58:direct_consumption:TEST:7750-7752.75,opposition_failed,,1,51.54,11:52:19 746.75-752.50,2,"11:53:59 743.50-744.50,11:54:31 743.50-744.50",29.25,1.25,11:56:40,watch_contact
es_20260828_1120_short_7780,11:55:23,HOLD,58,supply,demand_consumed,direct_consumption,750-752.75,7747.5,26.417,latest_test,depleted,0.994,0.18,36.5,True,7.5,81.2,4,2,2,1,110.59,55:direct_consumption:CONSUMED:7756.75-7758.5;56:same_side_lean:HOLD:7754.5-7758.5;57:same_side_lean:OWNED:7752.75-7753;58:direct_consumption:HOLD:7750-7752.75,held_after_test_and_opposition_failed,,0,0,,3,"11:53:59 743.50-744.50,11:54:31 743.50-744.50,11:55:12 738-747.50",27.5,0.75,11:56:40,reject_depleted_contact
es_20260828_1120_short_7780,11:56:23,CONSUMED,61,supply,demand_consumed,direct_consumption,745.50-750,7742.5,37.852,event_forward,depleted,0.678,0.0,37.75,True,2.5,93.8,4,2,2,0,106.17,56:same_side_lean:HOLD:7754.5-7758.5;57:same_side_lean:OWNED:7752.75-7753;58:direct_consumption:HOLD:7750-7752.75;61:direct_consumption:CONSUMED:7745.5-7750,opposition_depleted,,0,0,,5,"11:55:12 738-747.50,11:55:37 743.50-744.50,11:56:12 739.25-742.25",22.5,2.75,11:56:40,scale_out_zone
es_20260828_1120_short_7780,11:57:18,OWNED,60,supply,supply_lean,same_side_lean,740-748.25,7737.75,59.009,event_forward,replenished,1.019,0.057,42.75,True,-2.25,100.0,2,1,1,1,96.86,61:direct_consumption:CONSUMED:7745.5-7750;60:same_side_lean:OWNED:7740-7748.25,opposition_failed,,2,37.91,"11:56:23 743.50-744.50,11:57:11 739.25-742.25",4,"11:55:12 738-747.50,11:55:37 743.50-744.50,11:56:12 739.25-742.25",17.75,7.5,11:57:18,scale_out_zone
es_20260828_1120_short_7780,11:57:26,TEST,60,supply,supply_lean,same_side_lean,740-748.25,7739.25,59.009,latest_test,depleted,0.885,0.117,42.75,True,-0.75,100.0,3,2,1,0,123.28,58:direct_consumption:HOLD:7750-7752.75;61:direct_consumption:CONSUMED:7745.5-7750;60:same_side_lean:TEST:7740-7748.25,opposition_failed,,2,37.91,"11:56:23 743.50-744.50,11:57:11 739.25-742.25",4,"11:55:12 738-747.50,11:55:37 743.50-744.50,11:56:12 739.25-742.25",19.25,6.0,11:57:26,scale_out_zone
es_20260828_1120_short_7780,12:01:03,HOLD,60,supply,supply_lean,same_side_lean,740-748.25,7737.5,59.009,latest_test,depleted,0.885,0.117,42.75,True,-2.5,100.0,2,1,1,0,96.86,61:direct_consumption:CONSUMED:7745.5-7750;60:same_side_lean:HOLD:7740-7748.25,opposition_depleted,,0,0,,2,"11:58:34 729.25-739,12:01:02 735.75-736.75",17.5,7.75,12:01:03,scale_out_zone
es_20260828_1120_short_7780,12:01:15,OWNED,62,supply,supply_lean,same_side_lean,738.75-741,7736.5,52.837,event_forward,replenished,1.079,0.0,44.25,True,-3.5,100.0,3,1,2,1,149.7,61:direct_consumption:CONSUMED:7745.5-7750;60:same_side_lean:HOLD:7740-7748.25;62:same_side_lean:OWNED:7738.75-7741,opposition_failed,,1,88.59,12:01:09 738-747.50,2,"11:58:34 729.25-739,12:01:02 735.75-736.75",16.5,8.75,12:01:15,scale_out_zone
es_20260828_1120_short_7780,12:01:45,CONSUMED,63,supply,demand_consumed,direct_consumption,736.50-740,7734.25,74.846,event_forward,depleted,0.985,0.117,46.25,True,-5.75,100.0,4,2,2,1,224.54,61:direct_consumption:CONSUMED:7745.5-7750;60:same_side_lean:HOLD:7740-7748.25;62:same_side_lean:OWNED:7738.75-7741;63:direct_consumption:CONSUMED:7736.5-7740,opposition_failed,,2,99.97,"12:01:09 738-747.50,12:01:37 735.75-736.75",1,12:01:02 735.75-736.75,14.25,11.0,12:01:45,scale_out_zone
es_20260828_1120_short_7780,12:01:55,TEST,63,supply,demand_consumed,direct_consumption,736.50-740,7736.25,74.846,latest_test,depleted,0.951,0.126,46.25,True,-3.75,100.0,4,2,2,1,224.54,61:direct_consumption:CONSUMED:7745.5-7750;60:same_side_lean:HOLD:7740-7748.25;62:same_side_lean:OWNED:7738.75-7741;63:direct_consumption:TEST:7736.5-7740,opposition_failed,,2,99.97,"12:01:09 738-747.50,12:01:37 735.75-736.75",1,12:01:02 735.75-736.75,16.25,9.0,12:01:55,scale_out_zone
es_20260828_1120_short_7780,12:02:21,TEST,62,supply,supply_lean,same_side_lean,738.75-741,7737.75,52.837,latest_test,depleted,0.958,0.131,46.25,True,-2.25,100.0,4,2,2,0,224.54,61:direct_consumption:CONSUMED:7745.5-7750;60:same_side_lean:HOLD:7740-7748.25;63:direct_consumption:TEST:7736.5-7740;62:same_side_lean:TEST:7738.75-7741,opposition_failed,,2,99.97,"12:01:09 738-747.50,12:01:37 735.75-736.75",1,12:01:02 735.75-736.75,17.75,7.5,12:02:21,scale_out_zone
es_20260828_1120_short_7780,12:02:27,HOLD,62,supply,supply_lean,same_side_lean,738.75-741,7736.25,52.837,latest_test,depleted,0.958,0.131,46.25,True,-3.75,100.0,4,2,2,0,224.54,61:direct_consumption:CONSUMED:7745.5-7750;60:same_side_lean:HOLD:7740-7748.25;63:direct_consumption:TEST:7736.5-7740;62:same_side_lean:HOLD:7738.75-7741,held_after_test_and_opposition_failed,,2,99.97,"12:01:09 738-747.50,12:01:37 735.75-736.75",1,12:01:02 735.75-736.75,16.25,9.0,12:02:27,scale_out_zone
es_20260828_1120_short_7780,12:02:48,TEST,62,supply,supply_lean,same_side_lean,738.75-741,7737.75,52.837,latest_test,depleted,0.962,0.158,46.25,True,-2.25,100.0,4,2,2,0,224.54,61:direct_consumption:CONSUMED:7745.5-7750;60:same_side_lean:HOLD:7740-7748.25;63:direct_consumption:TEST:7736.5-7740;62:same_side_lean:TEST:7738.75-7741,opposition_failed,,2,99.97,"12:01:09 738-747.50,12:01:37 735.75-736.75",1,12:01:02 735.75-736.75,17.75,7.5,12:02:48,scale_out_zone
es_20260828_1120_short_7780,12:02:56,TEST,60,supply,supply_lean,same_side_lean,740-748.25,7739.0,59.009,latest_test,depleted,1.004,0.156,46.25,True,-1.0,100.0,5,3,2,0,250.96,58:direct_consumption:HOLD:7750-7752.75;61:direct_consumption:CONSUMED:7745.5-7750;63:direct_consumption:TEST:7736.5-7740;62:same_side_lean:TEST:7738.75-7741;60:same_side_lean:TEST:7740-7748.25,opposition_failed,,2,99.97,"12:01:09 738-747.50,12:01:37 735.75-736.75",1,12:01:02 735.75-736.75,19.0,6.25,12:02:56,scale_out_zone
es_20260828_1120_short_7780,12:04:31,HOLD,60,supply,supply_lean,same_side_lean,740-748.25,7737.0,59.009,latest_test,depleted,1.004,0.156,46.25,True,-3.0,100.0,4,2,2,0,224.54,61:direct_consumption:CONSUMED:7745.5-7750;63:direct_consumption:TEST:7736.5-7740;62:same_side_lean:TEST:7738.75-7741;60:same_side_lean:HOLD:7740-7748.25,held_after_test_and_opposition_failed,,1,11.38,12:01:37 735.75-736.75,1,12:04:28 733.75-737.25,17.0,8.25,12:04:31,scale_out_zone
es_20260828_1120_short_7780,12:04:38,HOLD,62,supply,supply_lean,same_side_lean,738.75-741,7736.25,52.837,latest_test,depleted,0.962,0.158,46.25,True,-3.75,100.0,4,2,2,0,224.54,61:direct_consumption:CONSUMED:7745.5-7750;63:direct_consumption:TEST:7736.5-7740;60:same_side_lean:HOLD:7740-7748.25;62:same_side_lean:HOLD:7738.75-7741,held_after_test_and_opposition_failed,,0,0,,1,12:04:28 733.75-737.25,16.25,9.0,12:04:38,scale_out_zone
es_20260828_1120_short_7780,12:04:50,TEST,62,supply,supply_lean,same_side_lean,738.75-741,7737.75,52.837,latest_test,depleted,0.968,0.112,46.25,True,-2.25,100.0,4,2,2,0,224.54,61:direct_consumption:CONSUMED:7745.5-7750;63:direct_consumption:TEST:7736.5-7740;60:same_side_lean:HOLD:7740-7748.25;62:same_side_lean:TEST:7738.75-7741,opposition_depleted,,0,0,,1,12:04:28 733.75-737.25,17.75,7.5,12:04:50,scale_out_zone
es_20260828_1120_short_7780,12:05:38,TEST,60,supply,supply_lean,same_side_lean,740-748.25,7739.25,59.009,latest_test,replenished,1.02,0.179,46.25,True,-0.75,100.0,5,3,2,1,250.96,58:direct_consumption:HOLD:7750-7752.75;61:direct_consumption:CONSUMED:7745.5-7750;63:direct_consumption:TEST:7736.5-7740;62:same_side_lean:TEST:7738.75-7741;60:same_side_lean:TEST:7740-7748.25,opposition_depleted,,0,0,,1,12:04:28 733.75-737.25,19.25,6.0,12:05:38,scale_out_zone
es_20260828_1120_short_7780,12:06:42,HOLD,60,supply,supply_lean,same_side_lean,740-748.25,7737.5,59.009,latest_test,replenished,1.02,0.179,46.25,True,-2.5,100.0,4,2,2,1,224.54,61:direct_consumption:CONSUMED:7745.5-7750;63:direct_consumption:TEST:7736.5-7740;62:same_side_lean:TEST:7738.75-7741;60:same_side_lean:HOLD:7740-7748.25,held_after_test_and_opposition_failed,,0,0,,2,"12:04:28 733.75-737.25,12:06:37 733.75-737.25",17.5,7.75,12:06:42,scale_out_zone
es_20260828_1120_short_7780,12:06:54,TEST,60,supply,supply_lean,same_side_lean,740-748.25,7739.0,59.009,latest_test,depleted,0.92,0.22,46.25,True,-1.0,100.0,5,3,2,0,250.96,58:direct_consumption:HOLD:7750-7752.75;61:direct_consumption:CONSUMED:7745.5-7750;63:direct_consumption:TEST:7736.5-7740;62:same_side_lean:TEST:7738.75-7741;60:same_side_lean:TEST:7740-7748.25,opposition_depleted,,0,0,,2,"12:04:28 733.75-737.25,12:06:37 733.75-737.25",19.0,6.25,12:06:54,scale_out_zone
es_20260828_1120_short_7780,12:07:05,FAIL,63,supply,demand_consumed,direct_consumption,736.50-740,7742.0,74.846,event_forward,no-flow,,,46.25,True,2.0,95.0,4,2,2,0,176.12,58:direct_consumption:HOLD:7750-7752.75;61:direct_consumption:CONSUMED:7745.5-7750;62:same_side_lean:TEST:7738.75-7741;60:same_side_lean:TEST:7740-7748.25,reestablished_after_same_side_fail,12:07:05 736.50-740,0,0,,2,"12:04:28 733.75-737.25,12:06:37 733.75-737.25",22.0,3.25,12:11:56,scale_out_zone
es_20260828_1120_short_7780,12:07:13,FAIL,62,supply,supply_lean,same_side_lean,738.75-741,7742.75,52.837,latest_test,depleted,0.968,0.112,46.25,True,2.75,93.1,3,2,1,0,123.28,58:direct_consumption:HOLD:7750-7752.75;61:direct_consumption:CONSUMED:7745.5-7750;60:same_side_lean:TEST:7740-7748.25,reestablished_after_same_side_fail,"12:07:05 736.50-740,12:07:13 738.75-741",0,0,,2,"12:04:28 733.75-737.25,12:06:37 733.75-737.25",22.75,2.5,12:11:56,scale_out_zone
es_20260828_1120_short_7780,12:09:08,TEST,61,supply,demand_consumed,direct_consumption,745.50-750,7744.5,37.852,latest_test,replenished,1.224,0.0,46.25,True,4.5,88.8,3,2,1,1,123.28,58:direct_consumption:HOLD:7750-7752.75;60:same_side_lean:TEST:7740-7748.25;61:direct_consumption:TEST:7745.5-7750,opposition_depleted,,0,0,,1,12:06:37 733.75-737.25,24.5,0.75,12:11:56,scale_out_zone
es_20260828_1120_short_7780,12:10:16,HOLD,61,supply,demand_consumed,direct_consumption,745.50-750,7743.0,37.852,latest_test,replenished,1.224,0.0,46.25,True,3.0,92.5,3,2,1,1,123.28,58:direct_consumption:HOLD:7750-7752.75;60:same_side_lean:TEST:7740-7748.25;61:direct_consumption:HOLD:7745.5-7750,held_after_test,,0,0,,0,,23.0,1.75,12:11:56,scale_out_zone
es_20260828_1120_short_7780,12:10:57,TEST,61,supply,demand_consumed,direct_consumption,745.50-750,7744.5,37.852,latest_test,depleted,0.998,0.0,46.25,True,4.5,88.8,2,1,1,0,96.86,60:same_side_lean:TEST:7740-7748.25;61:direct_consumption:TEST:7745.5-7750,none,,0,0,,0,,24.5,0.25,12:11:56,scale_out_zone
es_20260828_1120_short_7780,12:11:34,HOLD,61,supply,demand_consumed,direct_consumption,745.50-750,7742.75,37.852,latest_test,depleted,0.998,0.0,46.25,True,2.75,93.1,2,1,1,0,96.86,60:same_side_lean:TEST:7740-7748.25;61:direct_consumption:HOLD:7745.5-7750,held_after_test,,0,0,,0,,22.75,0.5,12:11:56,scale_out_zone
es_20260828_1120_short_7780,12:12:09,CONSUMED,68,supply,demand_consumed,direct_consumption,742.25-744.50,7740.0,33.587,event_forward,replenished,1.057,0.0,46.25,True,0.0,100.0,3,2,1,1,130.45,60:same_side_lean:TEST:7740-7748.25;61:direct_consumption:HOLD:7745.5-7750;68:direct_consumption:CONSUMED:7742.25-7744.5,opposition_depleted,,0,0,,1,12:11:47 737.75-740.75,20.0,1.75,12:12:09,scale_out_zone
es_20260828_1120_short_7780,12:12:19,TEST,68,supply,demand_consumed,direct_consumption,742.25-744.50,7741.25,33.587,latest_test,replenished,1.104,0.0,46.25,True,1.25,96.9,3,2,1,1,130.45,60:same_side_lean:TEST:7740-7748.25;61:direct_consumption:HOLD:7745.5-7750;68:direct_consumption:TEST:7742.25-7744.5,opposition_depleted,,0,0,,1,12:11:47 737.75-740.75,21.25,0.25,12:12:25,scale_out_zone
es_20260828_1120_short_7780,12:12:28,HOLD,68,supply,demand_consumed,direct_consumption,742.25-744.50,7739.75,33.587,latest_test,replenished,1.104,0.0,46.25,True,-0.25,100.0,3,2,1,1,130.45,60:same_side_lean:TEST:7740-7748.25;61:direct_consumption:HOLD:7745.5-7750;68:direct_consumption:HOLD:7742.25-7744.5,held_after_test_and_opposition_failed,,0,0,,1,12:11:47 737.75-740.75,19.75,1.75,12:12:28,scale_out_zone
es_20260828_1120_short_7780,12:15:05,OWNED,67,supply,supply_lean,same_side_lean,741.25-744.75,7739.0,47.821,event_forward,depleted,0.929,0.09,46.25,True,-1.0,100.0,4,2,2,1,178.27,60:same_side_lean:TEST:7740-7748.25;61:direct_consumption:HOLD:7745.5-7750;68:direct_consumption:HOLD:7742.25-7744.5;67:same_side_lean:OWNED:7741.25-7744.75,opposition_depleted,,0,0,,1,12:14:55 733.75-737.25,19.0,2.5,12:15:05,scale_out_zone
es_20260828_1120_short_7780,12:15:16,TEST,67,supply,supply_lean,same_side_lean,741.25-744.75,7740.25,47.821,latest_test,depleted,0.871,0.094,46.25,True,0.25,99.4,4,2,2,1,178.27,60:same_side_lean:TEST:7740-7748.25;61:direct_consumption:HOLD:7745.5-7750;68:direct_consumption:HOLD:7742.25-7744.5;67:same_side_lean:TEST:7741.25-7744.75,opposition_depleted,,0,0,,1,12:14:55 733.75-737.25,20.25,1.25,12:15:17,scale_out_zone
es_20260828_1120_short_7780,12:15:38,HOLD,67,supply,supply_lean,same_side_lean,741.25-744.75,7738.25,47.821,latest_test,depleted,0.871,0.094,46.25,True,-1.75,100.0,4,2,2,1,178.27,60:same_side_lean:TEST:7740-7748.25;61:direct_consumption:HOLD:7745.5-7750;68:direct_consumption:HOLD:7742.25-7744.5;67:same_side_lean:HOLD:7741.25-7744.75,held_after_test_and_opposition_failed,,0,0,,2,"12:14:55 733.75-737.25,12:15:38 733.75-737.25",18.25,0.75,12:15:38,scale_out_zone
es_20260828_1120_short_7780,12:15:41,HOLD,60,supply,supply_lean,same_side_lean,740-748.25,7737.0,59.009,event_forward,depleted,0.37,0.0,46.25,True,-3.0,100.0,4,2,2,1,178.27,61:direct_consumption:HOLD:7745.5-7750;68:direct_consumption:HOLD:7742.25-7744.5;67:same_side_lean:HOLD:7741.25-7744.75;60:same_side_lean:HOLD:7740-7748.25,opposition_depleted,,0,0,,2,"12:14:55 733.75-737.25,12:15:38 733.75-737.25",17.0,0.5,12:15:41,scale_out_zone
