case_id,source_probe,time,call,action,range,current_price,root_price,side,root_to_event_points,replenish,runway_points,path_consumed_pct,corridor_lo,corridor_hi,corridor_points,separator_call,separator_bin,separator_lo,separator_hi,local_vol,local_delta,local_trades,local_seconds,local_median_vol,local_median_ratio,local_neighbor_ratio,left_peak_vol,right_peak_vol,day_vol,day_median_vol,day_ratio,day_percentile_le,event_gap_separator_call,zz_time,zz_range,pre_zz_tail_time,pre_zz_tail_price,event_gap_corridor_lo,event_gap_corridor_hi,event_gap_corridor_points,event_gap_separator_bin,event_gap_separator_lo,event_gap_separator_hi,event_gap_local_vol,event_gap_local_delta,event_gap_local_trades,event_gap_local_seconds,event_gap_local_median_vol,event_gap_local_median_ratio,event_gap_local_neighbor_ratio,event_gap_left_peak_vol,event_gap_right_peak_vol,event_gap_day_vol,event_gap_day_median_vol,event_gap_day_ratio,event_gap_day_percentile_le
es_20260827_1130_long_7728,sponsor_stack,11:47:42,sponsor_stack_add,HOLD,723.50-725.75,7728.25,7728.0,long,0.25,1.06,14.75,1.7,7728.0,7728.25,0.25,no_corridor,,,,,,,,,,,,,,,,,,,,,,,,,,,,,,,,,,,,,,,,
es_20260827_1130_long_7728,sponsor_stack,11:49:50,stack_watch_retest_only,HOLD,723.50-725.75,7728.25,7728.0,long,0.25,1.102,14.75,1.7,7728.0,7728.25,0.25,no_corridor,,,,,,,,,,,,,,,,,,,,,,,,,,,,,,,,,,,,,,,,
es_20260827_1130_long_7728,tail_reclaim,11:51:54,tail_reclaim_reject_depleted,OWNED,725.25-732,7735.0,7728.0,long,7.0,0.747,8.0,46.7,7728.0,7735.0,7.0,weak_local_separator,7733.5,7733.5,7734.0,671.0,253.0,454,23,1326.0,0.506,0.44,3611.0,1525.0,14678.0,16234.0,0.904,0.333,ranges_overlap,11:44:08,7730.5-7736.25,11:41:37,7733.75,,,,,,,,,,,,,,,,,,,
es_20260827_1130_long_7728,tail_reclaim,11:52:57,tail_reclaim_harvest_not_add,HOLD,726.50-734.75,7737.25,7728.0,long,9.25,0.584,5.75,61.7,7728.0,7737.25,9.25,weak_local_separator,7736.0,7736.0,7736.5,199.0,61.0,133,6,1148.0,0.173,0.377,3611.0,528.0,16749.0,16564.0,1.011,0.579,ranges_overlap,11:44:08,7730.5-7736.25,11:41:37,7733.75,,,,,,,,,,,,,,,,,,,
es_20260827_1130_long_7728,tail_reclaim,11:53:03,tail_reclaim_harvest_not_add,CONSUMED,725.25-734.50,7737.5,7728.0,long,9.5,0.62,5.5,63.3,7728.0,7737.5,9.5,weak_local_separator,7736.0,7736.0,7736.5,199.0,61.0,133,6,1142.0,0.174,0.377,3611.0,528.0,16749.0,16399.0,1.021,0.6,ranges_overlap,11:44:08,7730.5-7736.25,11:41:37,7733.75,,,,,,,,,,,,,,,,,,,
es_20260827_1130_long_7728,tail_reclaim,11:53:03,tail_reclaim_harvest_not_add,CONSUMED,732-734.50,7737.5,7728.0,long,9.5,0.914,5.5,63.3,7728.0,7737.5,9.5,weak_local_separator,7736.0,7736.0,7736.5,199.0,61.0,133,6,1142.0,0.174,0.377,3611.0,528.0,16749.0,16399.0,1.021,0.6,ranges_overlap,11:44:08,7730.5-7736.25,11:41:37,7733.75,,,,,,,,,,,,,,,,,,,
es_20260827_1330_short_7748,sponsor_stack,13:44:39,sponsor_stack_add,HOLD,751.25-753,7748.5,7748.75,short,0.25,1.031,19.0,1.3,7748.5,7748.75,0.25,no_corridor,,,,,,,,,,,,,,,,,,,,,,,,,,,,,,,,,,,,,,,,
es_20260827_1330_short_7748,sponsor_stack,13:58:28,stack_watch_no_renewal,OWNED,745-747.25,7743.0,7748.75,short,5.75,1.091,13.5,29.9,7743.0,7748.75,5.75,weak_local_separator,7747.5,7747.5,7748.0,730.0,-140.0,620,28,1716.5,0.425,0.477,5821.0,1532.0,3082.0,6640.0,0.464,0.167,,,,,,,,,,,,,,,,,,,,,,,,
es_20260827_1330_short_7748,tail_reclaim,14:01:13,tail_reclaim_add,HOLD,745-747.25,7742.5,7748.75,short,6.25,1.101,13.0,32.5,7742.5,7748.75,6.25,weak_local_separator,7747.5,7747.5,7748.0,730.0,-140.0,620,28,1901.0,0.384,0.477,6496.0,1532.0,3082.0,6989.0,0.441,0.154,weak_local_separator,14:00:09,7741-7742.75,13:58:28,7743.0,7742.75,7745.0,2.25,7743.0,7743.0,7743.5,1472.0,-186.0,1154,49,2806.0,0.525,5.472,269.0,4935.0,13154.0,10651.0,1.235,1.0
es_20260827_1330_short_7748,tail_reclaim,14:01:29,tail_reclaim_reject_depleted,CONSUMED,743.50-745.25,7741.5,7748.75,short,7.25,0.844,12.0,37.7,7741.5,7748.75,7.25,weak_local_separator,7742.5,7742.5,7743.0,428.0,-74.0,363,14,1532.0,0.279,0.707,605.0,6496.0,17174.0,7566.0,2.27,0.867,no_corridor,14:00:09,7741-7742.75,13:58:28,7743.0,7742.75,7743.5,0.75,,,,,,,,,,,,,,,,
es_20260827_1330_short_7748,tail_reclaim,14:01:29,tail_reclaim_reject_depleted,OWNED,743.75-745.25,7741.5,7748.75,short,7.25,0.813,12.0,37.7,7741.5,7748.75,7.25,weak_local_separator,7742.5,7742.5,7743.0,428.0,-74.0,363,14,1532.0,0.279,0.707,605.0,6496.0,17174.0,7566.0,2.27,0.867,no_lvn_separator,14:00:09,7741-7742.75,13:58:28,7743.0,7742.75,7743.75,1.0,7743.0,7743.0,7743.5,1472.0,-186.0,1154,49,1472.0,1.0,5.007,294.0,1907.0,13154.0,12660.0,1.039,1.0
es_20260827_1330_short_7748,tail_reclaim,14:10:55,tail_reclaim_harvest_not_add,OWNED,736.75-739.75,7734.25,7748.75,short,14.5,1.143,4.75,75.3,7734.25,7748.75,14.5,local_lvn_separator,7740.5,7740.5,7741.0,90.0,-84.0,66,2,1502.0,0.06,0.019,4717.0,6496.0,10996.0,12625.0,0.871,0.433,weak_local_separator,14:00:09,7741-7742.75,13:58:28,7743.0,7739.75,7741.0,1.25,7740.5,7740.5,7741.0,90.0,-84.0,66,2,283.0,0.318,0.596,956.0,151.0,10996.0,8909.5,1.234,1.0
es_20260827_1330_short_7748,tail_reclaim,14:12:34,tail_reclaim_harvest_not_add,HOLD,736.75-739.75,7734.25,7748.75,short,14.5,1.261,4.75,75.3,7734.25,7748.75,14.5,local_lvn_separator,7740.5,7740.5,7741.0,90.0,-84.0,66,2,1769.5,0.051,0.019,4717.0,6496.0,10996.0,12625.0,0.871,0.433,weak_local_separator,14:00:09,7741-7742.75,13:58:28,7743.0,7739.75,7741.0,1.25,7740.5,7740.5,7741.0,90.0,-84.0,66,2,283.0,0.318,0.596,956.0,151.0,10996.0,8909.5,1.234,1.0
es_20260827_1330_short_7748,tail_reclaim,14:12:45,tail_reclaim_harvest_not_add,CONSUMED,736.25-739.25,7733.75,7748.75,short,15.0,1.041,4.25,77.9,7733.75,7748.75,15.0,local_lvn_separator,7740.5,7740.5,7741.0,90.0,-84.0,66,2,1671.0,0.054,0.019,4717.0,6496.0,10996.0,12660.0,0.869,0.419,weak_local_separator,14:00:09,7741-7742.75,13:58:28,7743.0,7739.25,7741.0,1.75,7740.5,7740.5,7741.0,90.0,-84.0,66,2,415.0,0.217,0.596,2031.0,151.0,10996.0,10494.0,1.048,1.0
es_20260827_1330_short_7748,tail_reclaim,14:12:45,tail_reclaim_harvest_not_add,CONSUMED,736.25-737.25,7733.75,7748.75,short,15.0,1.085,4.25,77.9,7733.75,7748.75,15.0,local_lvn_separator,7740.5,7740.5,7741.0,90.0,-84.0,66,2,1671.0,0.054,0.019,4717.0,6496.0,10996.0,12660.0,0.869,0.419,weak_local_separator,14:00:09,7741-7742.75,13:58:28,7743.0,7737.25,7741.0,3.75,7740.5,7740.5,7741.0,90.0,-84.0,66,2,1671.0,0.054,0.596,4717.0,151.0,10996.0,12685.0,0.867,0.444
es_20260828_1120_short_7780,sponsor_stack,11:23:44,stack_watch_retest_only,HOLD,778.25-781.75,7775.75,7780.0,short,4.25,1.032,35.75,10.6,7775.75,7780.0,4.25,weak_local_separator,7778.0,7778.0,7778.5,0.0,0.0,0,0,588.0,0.0,1.0,773.0,0.0,11328.0,6585.5,1.72,0.9,,,,,,,,,,,,,,,,,,,,,,,,
es_20260828_1120_short_7780,sponsor_stack,11:31:32,stack_watch_no_renewal,OWNED,778.50-779.50,7776.5,7780.0,short,3.5,1.022,36.5,8.8,7776.5,7780.0,3.5,no_lvn_separator,7779.0,7779.0,7779.5,1787.0,225.0,1388,40,1856.5,0.963,1.047,4277.0,1707.0,6985.0,8132.5,0.859,0.5,,,,,,,,,,,,,,,,,,,,,,,,
es_20260828_1120_short_7780,sponsor_stack,11:34:09,sponsor_stack_add,HOLD,778.25-781.75,7775.75,7780.0,short,4.25,1.135,35.75,10.6,7775.75,7780.0,4.25,no_lvn_separator,7779.0,7779.0,7779.5,1787.0,225.0,1388,40,2352.0,0.76,1.047,4951.0,1707.0,6985.0,6585.5,1.061,0.6,,,,,,,,,,,,,,,,,,,,,,,,
es_20260828_1120_short_7780,sponsor_stack,11:34:09,sponsor_stack_add,HOLD,778.50-779.50,7775.75,7780.0,short,4.25,1.198,35.75,10.6,7775.75,7780.0,4.25,no_lvn_separator,7779.0,7779.0,7779.5,1787.0,225.0,1388,40,2352.0,0.76,1.047,4951.0,1707.0,6985.0,6585.5,1.061,0.6,,,,,,,,,,,,,,,,,,,,,,,,
es_20260828_1120_short_7780,sponsor_stack,11:35:03,sponsor_stack_add,CONSUMED,776.50-777.50,7773.75,7780.0,short,6.25,1.015,33.75,15.6,7773.75,7780.0,6.25,no_lvn_separator,7779.0,7779.0,7779.5,1787.0,225.0,1388,40,2184.0,0.818,1.047,4951.0,1707.0,6985.0,6951.5,1.005,0.571,,,,,,,,,,,,,,,,,,,,,,,,
es_20260828_1120_short_7780,sponsor_stack,11:36:16,sponsor_stack_add,HOLD,775.75-781.75,7773.0,7780.0,short,7.0,1.06,33.0,17.5,7773.0,7780.0,7.0,no_lvn_separator,7775.5,7775.5,7776.0,2113.0,-19.0,1673,64,2347.0,0.9,0.64,3299.0,4951.0,6369.0,6985.0,0.912,0.4,,,,,,,,,,,,,,,,,,,,,,,,
es_20260828_1120_short_7780,sponsor_stack,11:40:59,sponsor_stack_add_reduced,CONSUMED,762.25-762.75,7758.25,7780.0,short,21.75,1.115,18.25,54.4,7758.25,7780.0,21.75,local_lvn_separator,7763.5,7763.5,7764.0,110.0,-88.0,84,7,835.0,0.132,0.073,1507.0,4951.0,3062.0,4512.0,0.679,0.267,,,,,,,,,,,,,,,,,,,,,,,,
es_20260828_1120_short_7780,sponsor_stack,11:42:33,sponsor_stack_add_reduced,HOLD,762.25-762.75,7759.5,7780.0,short,20.5,1.123,19.5,51.2,7759.5,7780.0,20.5,local_lvn_separator,7763.5,7763.5,7764.0,110.0,-88.0,84,7,1019.5,0.108,0.039,2856.0,4951.0,3062.0,4520.5,0.677,0.286,,,,,,,,,,,,,,,,,,,,,,,,
es_20260828_1120_short_7780,sponsor_stack,11:45:23,stack_watch_retest_only,HOLD,760.25-761.75,7757.75,7780.0,short,22.25,1.041,17.75,55.6,7757.75,7780.0,22.25,local_lvn_separator,7763.5,7763.5,7764.0,110.0,-88.0,84,7,1433.5,0.077,0.022,5491.0,4951.0,3062.0,4576.5,0.669,0.261,,,,,,,,,,,,,,,,,,,,,,,,
es_20260828_1120_short_7780,tail_reclaim,11:36:16,tail_reclaim_add,HOLD,775.75-781.75,7773.0,7780.0,short,7.0,1.06,33.0,17.5,7773.0,7780.0,7.0,no_lvn_separator,7775.5,7775.5,7776.0,2113.0,-19.0,1673,64,2347.0,0.9,0.64,3299.0,4951.0,6369.0,6985.0,0.912,0.4,no_lvn_separator,11:23:14,7769-7774.5,11:21:38,7772.5,7774.5,7775.75,1.25,7775.5,7775.5,7776.0,2113.0,-19.0,1673,64,2125.0,0.994,1.0,2205.0,0.0,6369.0,6918.0,0.921,0.333
es_20260828_1120_short_7780,tail_reclaim,11:36:56,tail_reclaim_reject_depleted,HOLD,775.75-781.75,7773.25,7780.0,short,6.75,0.904,33.25,16.9,7773.25,7780.0,6.75,weak_local_separator,7775.5,7775.5,7776.0,2113.0,-19.0,1673,64,2487.0,0.85,0.535,3947.0,4951.0,6369.0,6918.0,0.921,0.467,no_lvn_separator,11:23:14,7769-7774.5,11:21:38,7772.5,7774.5,7775.75,1.25,7775.5,7775.5,7776.0,2113.0,-19.0,1673,64,2397.0,0.882,1.0,2487.0,0.0,6369.0,6918.0,0.921,0.333
es_20260828_1120_short_7780,tail_reclaim,11:37:23,tail_reclaim_reject_depleted,OWNED,774.75-778,7772.0,7780.0,short,8.0,0.779,32.0,20.0,7772.0,7780.0,8.0,weak_local_separator,7775.5,7775.5,7776.0,2113.0,-19.0,1673,64,2397.0,0.882,0.535,3947.0,4951.0,6369.0,6985.0,0.912,0.412,weak_local_separator,11:35:15,7766.75-7772.5,11:21:38,7772.5,7772.5,7774.75,2.25,7772.5,7772.5,7773.0,966.0,-60.0,764,27,2397.0,0.403,1.0,0.0,3947.0,7258.0,7159.0,1.014,0.8
es_20260828_1120_short_7780,tail_reclaim,11:40:17,tail_reclaim_reject_depleted,CONSUMED,767.25-772.50,7764.0,7780.0,short,16.0,0.314,24.0,40.0,7764.0,7780.0,16.0,local_lvn_separator,7771.0,7771.0,7771.5,292.0,-90.0,195,11,1039.0,0.281,0.233,1254.0,4951.0,5171.0,5631.0,0.918,0.455,ranges_overlap,11:35:15,7766.75-7772.5,11:21:38,7772.5,,,,,,,,,,,,,,,,,,,
es_20260828_1120_short_7780,tail_reclaim,11:40:49,tail_reclaim_reject_depleted,OWNED,763.75-768.75,7760.0,7780.0,short,20.0,0.564,20.0,50.0,7760.0,7780.0,20.0,local_lvn_separator,7763.5,7763.5,7764.0,110.0,-88.0,84,7,854.0,0.129,0.139,789.0,4951.0,3062.0,4641.0,0.66,0.293,ranges_overlap,11:35:15,7766.75-7772.5,11:21:38,7772.5,,,,,,,,,,,,,,,,,,,
es_20260828_1120_short_7780,tail_reclaim,11:40:59,tail_reclaim_add_reduced,CONSUMED,762.25-762.75,7758.25,7780.0,short,21.75,1.115,18.25,54.4,7758.25,7780.0,21.75,local_lvn_separator,7763.5,7763.5,7764.0,110.0,-88.0,84,7,835.0,0.132,0.073,1507.0,4951.0,3062.0,4512.0,0.679,0.267,local_lvn_separator,11:35:15,7766.75-7772.5,11:21:38,7772.5,7762.75,7766.75,4.0,7763.5,7763.5,7764.0,110.0,-88.0,84,7,640.0,0.172,0.226,486.0,1039.0,3062.0,2809.0,1.09,0.667
es_20260828_1120_short_7780,tail_reclaim,11:42:33,tail_reclaim_add_reduced,HOLD,762.25-762.75,7759.5,7780.0,short,20.5,1.123,19.5,51.2,7759.5,7780.0,20.5,local_lvn_separator,7763.5,7763.5,7764.0,110.0,-88.0,84,7,1019.5,0.108,0.039,2856.0,4951.0,3062.0,4520.5,0.677,0.286,local_lvn_separator,11:35:15,7766.75-7772.5,11:21:38,7772.5,7762.75,7766.75,4.0,7763.5,7763.5,7764.0,110.0,-88.0,84,7,640.0,0.172,0.226,486.0,1039.0,3062.0,2809.0,1.09,0.667
es_20260828_1120_short_7780,tail_reclaim,11:44:00,tail_reclaim_reject_depleted,HOLD,762.25-762.75,7759.75,7780.0,short,20.25,0.959,19.75,50.6,7759.75,7780.0,20.25,local_lvn_separator,7763.5,7763.5,7764.0,110.0,-88.0,84,7,1143.0,0.096,0.032,3419.0,4951.0,3062.0,4520.5,0.677,0.31,local_lvn_separator,11:35:15,7766.75-7772.5,11:21:38,7772.5,7762.75,7766.75,4.0,7763.5,7763.5,7764.0,110.0,-88.0,84,7,640.0,0.172,0.226,486.0,1039.0,3062.0,2809.0,1.09,0.667
es_20260828_1120_short_7780,tail_reclaim,11:44:39,tail_reclaim_reject_depleted,OWNED,760.25-761.75,7758.0,7780.0,short,22.0,0.846,18.0,55.0,7758.0,7780.0,22.0,local_lvn_separator,7763.5,7763.5,7764.0,110.0,-88.0,84,7,1613.0,0.068,0.022,5264.0,4951.0,3062.0,4641.0,0.66,0.267,local_lvn_separator,11:35:15,7766.75-7772.5,11:21:38,7772.5,7761.75,7766.75,5.0,7763.5,7763.5,7764.0,110.0,-88.0,84,7,811.0,0.136,0.13,848.0,1039.0,3062.0,2802.0,1.093,0.727
es_20260828_1120_short_7780,tail_reclaim,11:45:23,tail_reclaim_add_reduced,HOLD,760.25-761.75,7757.75,7780.0,short,22.25,1.041,17.75,55.6,7757.75,7780.0,22.25,local_lvn_separator,7763.5,7763.5,7764.0,110.0,-88.0,84,7,1433.5,0.077,0.022,5491.0,4951.0,3062.0,4576.5,0.669,0.261,local_lvn_separator,11:35:15,7766.75-7772.5,11:21:38,7772.5,7761.75,7766.75,5.0,7763.5,7763.5,7764.0,110.0,-88.0,84,7,811.0,0.136,0.13,848.0,1039.0,3062.0,2802.0,1.093,0.727
es_20260828_1120_short_7780,tail_reclaim,11:48:05,tail_reclaim_mature_path_harvest,CONSUMED,756.75-758.50,7754.0,7780.0,short,26.0,1.374,14.0,65.0,7754.0,7780.0,26.0,local_lvn_separator,7763.5,7763.5,7764.0,110.0,-88.0,84,7,1613.0,0.068,0.022,6208.0,4951.0,3062.0,5449.0,0.562,0.226,local_lvn_separator,11:35:15,7766.75-7772.5,11:21:38,7772.5,7758.5,7766.75,8.25,7763.5,7763.5,7764.0,110.0,-88.0,84,7,1000.0,0.11,0.106,6208.0,1039.0,3062.0,3301.0,0.928,0.412
es_20260828_1120_short_7780,tail_reclaim,11:48:33,tail_reclaim_mature_path_harvest,OWNED,754.50-758.50,7751.5,7780.0,short,28.5,1.209,11.5,71.2,7751.5,7780.0,28.5,local_lvn_separator,7763.5,7763.5,7764.0,110.0,-88.0,84,7,1146.5,0.096,0.022,6208.0,4951.0,3062.0,5757.5,0.532,0.207,local_lvn_separator,11:35:15,7766.75-7772.5,11:21:38,7772.5,7758.5,7766.75,8.25,7763.5,7763.5,7764.0,110.0,-88.0,84,7,1000.0,0.11,0.106,6208.0,1039.0,3062.0,3301.0,0.928,0.412
es_20260828_1120_short_7780,tail_reclaim,11:49:02,tail_reclaim_mature_path_harvest,HOLD,754.50-758.50,7751.5,7780.0,short,28.5,1.188,11.5,71.2,7751.5,7780.0,28.5,local_lvn_separator,7763.5,7763.5,7764.0,110.0,-88.0,84,7,1235.0,0.089,0.022,6208.0,4951.0,3062.0,5757.5,0.532,0.207,local_lvn_separator,11:35:15,7766.75-7772.5,11:21:38,7772.5,7758.5,7766.75,8.25,7763.5,7763.5,7764.0,110.0,-88.0,84,7,1000.0,0.11,0.106,6208.0,1039.0,3062.0,3301.0,0.928,0.412
