symbol,line,ts_utc,et,mono_us,event,campaign_id,campaign_digest,status,side,probe_quantity,add_quantity,campaign_max_position_quantity,max_retry,resumed_from_retry_pause,instance_max_quantity,waypoint_count,notes
NQ,10858,2026-08-27T13:17:36.0472852Z,09:17:36,1042461,campaign_loaded,nq-2026-08-26-short-callwall-repair-29260-29280,08e970d72916e0195682d4e06e693135cb993271e209430f5b96e932817de99f,active,Short,2,2,4,3,False,10,6,"Live NQ Kahn short from 2026-08-26 13:30 ET: first call-wall repair after PM lower break. Probe 29260-29280, base/add 2/2, max 4. Add only back at edge near original entry; no adding below entry range. Aggressive target 29235-29240. Manage aggressively; GEX is location context only."
ES,6601,2026-08-27T13:17:36.1630336Z,09:17:36,316645,campaign_loaded,es-2026-08-26-short-callwall-repair-7687-7695,73f407c1c6b8854a553dd3d633d962a750252c70048d7934c0b9b4df54ff4ef9,active,Short,2,2,4,3,False,10,6,"Live ES Kahn short from 2026-08-26 13:30 ET: first call-wall/zero-gamma repair after PM IB-low break. Probe 7687-7695, base/add 2/2, max 4. Add only back at edge near original entry; no adding below entry range. Aggressive target 7678-7680. Manage aggressively; GEX is location context only."
ES,6798,2026-08-27T13:51:50.5045464Z,09:51:50,2054369668,campaign_loaded,es-2026-08-27-long-orr-7716-7726,b467a232848e9d2dc0ca8b075fef8ef32ac2dd8e9f67aa362f887edd0fd66019,active,Long,2,2,4,3,False,10,7,"Live 2026-08-27 ES ORR long. Probe 7716-7726, scale only above 7728, harvest 7732-7736, target 7741. Base/add 2/2, max 4, max_retry 3. GEX/location context does not replace Kahn LL/footprint evidence."
NQ,11106,2026-08-27T13:51:50.5053385Z,09:51:50,2055211989,campaign_loaded,nq-2026-08-27-long-orr-29480-29520,6d046374d51242618001801bbceea3504fd68ce2aa249f0bbe776cc3bf0237eb,active,Long,2,2,4,3,False,10,6,"Live 2026-08-27 NQ ORR long. Probe 29480-29520, build/scale only above 29540, target 29655-29662. Base/add 2/2, max 4, max_retry 3. Deeper repair probe, not the earlier high-probe idea."
NQ,11912,2026-08-27T14:24:31.5630481Z,10:24:31,4016202209,campaign_loaded,nq-2026-08-27-long-orr-29480-29520,054ef3d2e22425d5aedec39cee27e3852b165fd21fac61ddc4874c9880f16f8b,draft,Long,2,2,4,3,False,10,6,"Live 2026-08-27 NQ ORR long. Probe 29480-29520, build/scale only above 29540, target 29655-29662. Base/add 2/2, max 4, max_retry 3. Deeper repair probe, not the earlier high-probe idea. Retired/disabled by operator at 2026-08-27T14:24:31Z: wait for IB completion / 10:30 proof before any fresh NQ campaign."
NQ,12132,2026-08-27T14:54:16.3809400Z,10:54:16,5800958707,campaign_loaded,nq-2026-08-27-long-postib-uppernode-29572-29612,553991ae39751608a6fe7301a8dd9778f6fd4727c16568b7ff3f4722cc75ad1d,active,Long,2,2,4,3,False,10,8,"Live 2026-08-27 NQ post-IB long continuation/reclaim campaign. Fresh Skurry at ~10:52 ET: RTH p profile, value 29499-29600, POC 29575.5; post-IB DD, value 29557.5-29604, POC 29575.5; rotation neutral, swing bullish. Fresh GexBot live_refresh: positive volume wall 29612.12, positive OI 29562/29572, zero areas 29519/29551. Base/add 2/2, max 4, max_retry 3. Probe only 29572-29594; no add below/inside 29612 wall; scale only after 29616 accepts; target 29652-29662; wrong below 29552. Timestamp correction: active base-entry window expires at 2026-08-27T15:30:00Z / 11:30 ET."
NQ,13161,2026-08-27T15:42:56.4958275Z,11:42:56,800225,campaign_loaded,nq-2026-08-27-long-postib-uppernode-29572-29612,553991ae39751608a6fe7301a8dd9778f6fd4727c16568b7ff3f4722cc75ad1d,active,Long,2,2,4,3,False,10,8,"Live 2026-08-27 NQ post-IB long continuation/reclaim campaign. Fresh Skurry at ~10:52 ET: RTH p profile, value 29499-29600, POC 29575.5; post-IB DD, value 29557.5-29604, POC 29575.5; rotation neutral, swing bullish. Fresh GexBot live_refresh: positive volume wall 29612.12, positive OI 29562/29572, zero areas 29519/29551. Base/add 2/2, max 4, max_retry 3. Probe only 29572-29594; no add below/inside 29612 wall; scale only after 29616 accepts; target 29652-29662; wrong below 29552. Timestamp correction: active base-entry window expires at 2026-08-27T15:30:00Z / 11:30 ET."
NQ,13167,2026-08-27T16:27:51.0160518Z,12:27:51,445395,campaign_loaded,nq-2026-08-27-long-postib-uppernode-29572-29612,a041ad7244420b24360c24b61cf1d4de286591be58e97575d79a955452c70fa8,draft,Long,2,2,4,3,False,10,8,"Live 2026-08-27 NQ post-IB long continuation/reclaim campaign. Fresh Skurry at ~10:52 ET: RTH p profile, value 29499-29600, POC 29575.5; post-IB DD, value 29557.5-29604, POC 29575.5; rotation neutral, swing bullish. Fresh GexBot live_refresh: positive volume wall 29612.12, positive OI 29562/29572, zero areas 29519/29551. Base/add 2/2, max 4, max_retry 3. Probe only 29572-29594; no add below/inside 29612 wall; scale only after 29616 accepts; target 29652-29662; wrong below 29552. Timestamp correction: active base-entry window expires at 2026-08-27T15:30:00Z / 11:30 ET. Disabled by operator at 2026-08-27T15:45:27Z: prevent NQ Kahn restart from picking up stale campaign/directive."
ES,9659,2026-08-27T16:27:51.4650535Z,12:27:51,278443,campaign_loaded,es-2026-08-27-long-orr-7716-7726,b467a232848e9d2dc0ca8b075fef8ef32ac2dd8e9f67aa362f887edd0fd66019,active,Long,2,2,4,3,False,10,7,"Live 2026-08-27 ES ORR long. Probe 7716-7726, scale only above 7728, harvest 7732-7736, target 7741. Base/add 2/2, max 4, max_retry 3. GEX/location context does not replace Kahn LL/footprint evidence."
ES,9711,2026-08-27T17:09:15.5740175Z,13:09:15,2484301932,campaign_loaded,es-2026-08-27-long-lunch-break-repair-7742-7747,abc04949a439440df8c788b76bc632c42ffa510ee18299409c932ad15a855ca3,draft,Long,2,2,6,3,False,10,8,"Provisional draft only; do not dispatch until the current 5m candle closes. Live 2026-08-27 lunch break-and-repair long. Fresh Skurry/GexBot ~12:46 ET: ES broke above 7743/7744 with no exhaustion, non-low-volume continuation bars, RTH value shifted higher, prior 7728-7730 resistance converted to support. GEX live_refresh: call wall/major positive volume ~7748.97, positive OI ~7753.97, negative OI/converted support ~7728.97. Base/add 2/2, max position 6, retries 3. Leverage inside accepted repair/range only; suppress adds into fresh highs."
NQ,13526,2026-08-27T17:09:45.8559752Z,13:09:45,2515198798,campaign_loaded,nq-2026-08-27-long-lunch-break-repair-29633-29644,16291155b04bcacf673841f578ccfc29e7901381c3e74bcea1b9ee710937d066,draft,Long,2,2,6,3,False,10,8,"Provisional draft only; do not dispatch until the current 5m candle closes. Live 2026-08-27 lunch break-and-repair long. Fresh Skurry/GexBot ~12:46 ET: NQ improved with strong bullish 30m rotation and bullish swing structure, but the shifted positive GEX volume wall is near 29664.12. Repair shelf is 29633-29644; target/evaluate/harvest 29660-29668. Base/add 2/2, max position 6, retries 3. Leverage inside accepted repair/range only; suppress adds into fresh highs."
ES,9762,2026-08-27T17:37:07.8593055Z,13:37:07,4156529946,campaign_loaded,es-2026-08-27-short-upper-supply-vwap-7754-7756,43c7f94869666de8e7d628c313a4d16e4e75a55ea52e6e19baee7e37bc92e46f,active,Short,2,2,6,3,False,10,8,"Live 2026-08-27 ES-only active short directive after user-declared rejection setup. Fresh Skurry/GexBot ~13:34 ET: upper 12:30-13:30 profile is p-shaped with value 7748-7754, POC 7750, delta about -6120; repeated negative delta into 7754-7756 upper supply. RTH VWAP ~7729.0, zero-gamma ~7729.45, negative OI ~7728.94. NQ left out because it is stuck near its own upper wall. Base/add 2/2, max position 6, retries 3. Add only inside upper repair/rejection range; suppress leverage into fresh lower prices near target."
NQ,14640,2026-08-27T19:06:01.4608743Z,15:06:01,9490564351,campaign_loaded,nq-2026-08-27-short-repair-failure-29600-29620-to-29511,ce5ce14fbc08c12b182614fb980f5159e169f3919c43a43735de34a36b3c362e,active,Short,2,2,6,3,False,10,8,"Live 2026-08-27 NQ active short directive after user-declared repair-failure setup. Fresh Skurry/GexBot ~15:01 ET: NQ still in repair while ES extended below 7728 exploration and rebuilt lower; NQ RTH value 29511.5-29626, POC 29575.5; recent profile 13:30-14:40 ET elongated with poor high/low, value 29526.75-29616, POC 29577.25. GEX live_refresh: zero gamma ~29583.98, positive volume/call wall ~29610.57, positive OI ~29570.57, major negative volume ~29511.58. Probe only 29600-29620; target 29507.5-29515.5. Base/add 2/2, max position 6, retries 3. Do not sell the current 29570 support stack without repair back into the probe zone."
NQ,14644,2026-08-27T19:07:03.4428103Z,15:07:03,9552544153,campaign_loaded,nq-2026-08-27-short-repair-failure-29600-29620-to-29511,26d53f9dad9105481e982ece7b78472c0b3630eb1efb95b8ea6a5671c77328b9,draft,Short,2,2,6,3,False,10,8,"Live 2026-08-27 NQ active short directive after user-declared repair-failure setup. Fresh Skurry/GexBot ~15:01 ET: NQ still in repair while ES extended below 7728 exploration and rebuilt lower; NQ RTH value 29511.5-29626, POC 29575.5; recent profile 13:30-14:40 ET elongated with poor high/low, value 29526.75-29616, POC 29577.25. GEX live_refresh: zero gamma ~29583.98, positive volume/call wall ~29610.57, positive OI ~29570.57, major negative volume ~29511.58. Probe only 29600-29620; target 29507.5-29515.5. Base/add 2/2, max position 6, retries 3. Do not sell the current 29570 support stack without repair back into the probe zone. Canceled by operator at 2026-08-27T19:10:00Z: excess repair already completed, do not sell a later revisit into 29600-29620."
