recorded_at_utc,api_as_of_utc,ticker,category,spot,zero_gamma,call_wall,put_wall,oi_call_wall,oi_put_wall,sum_gex_vol,sum_gex_oi,recorded_et,nearest_to_7740,dist_to_7740,nearest_to_7743,dist_to_7743,nearest_to_7741.5,dist_to_7741.5
2026-08-27T14:35:03.985275Z,2026-08-27T14:35:02Z,ES_SPX,gex_zero,7724.83,7715.09,7743.04,7703.04,7753.04,7728.04,67790.868,11376.983,10:35:03,call_wall,-3.0399999999999636,call_wall,-0.03999999999996362,call_wall,-1.5399999999999636
2026-08-27T14:35:04.271055Z,2026-08-27T14:35:04Z,ES_SPX,gex_full,7724.76,7715.09,7743.04,7703.04,7813.04,7513.04,69470.956,38282.273,10:35:04,call_wall,-3.0399999999999636,call_wall,-0.03999999999996362,call_wall,-1.5399999999999636
2026-08-27T14:36:05.853150Z,2026-08-27T14:36:05Z,ES_SPX,gex_zero,7728.39,7715.09,7743.04,7703.04,7753.04,7728.04,87765.201,13373.212,10:36:05,call_wall,-3.0399999999999636,call_wall,-0.03999999999996362,call_wall,-1.5399999999999636
2026-08-27T14:36:06.257722Z,2026-08-27T14:36:05Z,ES_SPX,gex_full,7728.39,7715.09,7743.04,7703.04,7813.04,7513.04,90430.1,41203.864,10:36:06,call_wall,-3.0399999999999636,call_wall,-0.03999999999996362,call_wall,-1.5399999999999636
2026-08-27T14:37:07.687902Z,2026-08-27T14:37:06Z,ES_SPX,gex_zero,7729.02,7715.09,7743.04,7703.04,7753.04,7728.04,93623.871,13918.132,10:37:07,call_wall,-3.0399999999999636,call_wall,-0.03999999999996362,call_wall,-1.5399999999999636
2026-08-27T14:37:07.988898Z,2026-08-27T14:37:06Z,ES_SPX,gex_full,7729.02,7714.65,7743.04,7703.04,7813.04,7513.04,96586.17,42487.624,10:37:07,call_wall,-3.0399999999999636,call_wall,-0.03999999999996362,call_wall,-1.5399999999999636
2026-08-27T14:38:09.524562Z,2026-08-27T14:38:09Z,ES_SPX,gex_zero,7728.72,7715.54,7743.04,7703.04,7753.04,7728.04,92983.22,13582.796,10:38:09,call_wall,-3.0399999999999636,call_wall,-0.03999999999996362,call_wall,-1.5399999999999636
2026-08-27T14:38:09.838893Z,2026-08-27T14:38:09Z,ES_SPX,gex_full,7728.72,7715.09,7743.04,7703.04,7813.04,7513.04,96462.31,42281.014,10:38:09,call_wall,-3.0399999999999636,call_wall,-0.03999999999996362,call_wall,-1.5399999999999636
2026-08-27T14:39:11.411068Z,2026-08-27T14:39:10Z,ES_SPX,gex_zero,7727.51,7715.09,7743.04,7703.04,7753.04,7728.04,91048.896,13179.683,10:39:11,call_wall,-3.0399999999999636,call_wall,-0.03999999999996362,call_wall,-1.5399999999999636
2026-08-27T14:39:11.713131Z,2026-08-27T14:39:11Z,ES_SPX,gex_full,7726.76,7715.09,7743.04,7703.04,7813.04,7513.04,91277.141,40931.628,10:39:11,call_wall,-3.0399999999999636,call_wall,-0.03999999999996362,call_wall,-1.5399999999999636
2026-08-27T14:40:13.272663Z,2026-08-27T14:40:12Z,ES_SPX,gex_zero,7724.35,7715.54,7743.04,7703.04,7753.04,7728.04,68533.424,11091.7,10:40:13,call_wall,-3.0399999999999636,call_wall,-0.03999999999996362,call_wall,-1.5399999999999636
2026-08-27T14:40:13.554188Z,2026-08-27T14:40:12Z,ES_SPX,gex_full,7724.35,7715.54,7743.04,7703.04,7813.04,7513.04,71467.59,38406.215,10:40:13,call_wall,-3.0399999999999636,call_wall,-0.03999999999996362,call_wall,-1.5399999999999636
2026-08-27T14:41:15.177234Z,2026-08-27T14:41:14Z,ES_SPX,gex_zero,7726.35,7715.54,7743.04,7703.04,7753.04,7728.04,85304.652,12549.135,10:41:15,call_wall,-3.0399999999999636,call_wall,-0.03999999999996362,call_wall,-1.5399999999999636
2026-08-27T14:41:15.458116Z,2026-08-27T14:41:14Z,ES_SPX,gex_full,7726.35,7715.09,7743.04,7703.04,7813.04,7513.04,88323.832,39990.566,10:41:15,call_wall,-3.0399999999999636,call_wall,-0.03999999999996362,call_wall,-1.5399999999999636
2026-08-27T14:42:17.117828Z,2026-08-27T14:42:16Z,ES_SPX,gex_zero,7726.93,7715.54,7743.04,7703.04,7753.04,7728.04,91054.032,13116.519,10:42:17,call_wall,-3.0399999999999636,call_wall,-0.03999999999996362,call_wall,-1.5399999999999636
2026-08-27T14:42:17.478423Z,2026-08-27T14:42:16Z,ES_SPX,gex_full,7726.93,7715.09,7743.04,7703.04,7813.04,7513.04,94128.875,40566.016,10:42:17,call_wall,-3.0399999999999636,call_wall,-0.03999999999996362,call_wall,-1.5399999999999636
2026-08-27T14:43:19.057468Z,2026-08-27T14:43:18Z,ES_SPX,gex_zero,7727.6,7715.54,7743.04,7703.04,7753.04,7728.04,92578.895,13038.948,10:43:19,call_wall,-3.0399999999999636,call_wall,-0.03999999999996362,call_wall,-1.5399999999999636
2026-08-27T14:43:19.503975Z,2026-08-27T14:43:18Z,ES_SPX,gex_full,7727.6,7715.54,7743.04,7703.04,7813.04,7513.04,95783.949,40723.931,10:43:19,call_wall,-3.0399999999999636,call_wall,-0.03999999999996362,call_wall,-1.5399999999999636
2026-08-27T14:44:21.127836Z,2026-08-27T14:44:20Z,ES_SPX,gex_zero,7725.74,7715.54,7743.04,7703.04,7753.04,7728.04,83204.632,12157.168,10:44:21,call_wall,-3.0399999999999636,call_wall,-0.03999999999996362,call_wall,-1.5399999999999636
2026-08-27T14:44:21.501346Z,2026-08-27T14:44:20Z,ES_SPX,gex_full,7725.74,7715.54,7743.04,7703.04,7813.04,7513.04,86314.474,39546.667,10:44:21,call_wall,-3.0399999999999636,call_wall,-0.03999999999996362,call_wall,-1.5399999999999636
2026-08-27T14:45:22.927900Z,2026-08-27T14:45:21Z,ES_SPX,gex_zero,7726.71,7716.5,7743.55,7703.55,7753.55,7728.55,83235.409,12228.521,10:45:22,call_wall,-3.550000000000182,call_wall,-0.5500000000001819,call_wall,-2.050000000000182
2026-08-27T14:45:23.350336Z,2026-08-27T14:45:23Z,ES_SPX,gex_full,7727.69,7716.05,7743.55,7703.55,7813.55,7513.55,92413.964,40165.821,10:45:23,call_wall,-3.550000000000182,call_wall,-0.5500000000001819,call_wall,-2.050000000000182
2026-08-27T14:46:24.996203Z,2026-08-27T14:46:24Z,ES_SPX,gex_zero,7729.29,7716.5,7743.55,7703.55,7753.55,7728.55,103169.045,13905.492,10:46:24,call_wall,-3.550000000000182,call_wall,-0.5500000000001819,call_wall,-2.050000000000182
2026-08-27T14:46:25.311593Z,2026-08-27T14:46:24Z,ES_SPX,gex_full,7729.29,7716.05,7743.55,7703.55,7813.55,7513.55,106187.564,41876.845,10:46:25,call_wall,-3.550000000000182,call_wall,-0.5500000000001819,call_wall,-2.050000000000182
2026-08-27T14:47:26.878362Z,2026-08-27T14:47:26Z,ES_SPX,gex_zero,7726.06,7716.05,7743.55,7703.55,7753.55,7728.55,87603.444,12209.525,10:47:26,call_wall,-3.550000000000182,call_wall,-0.5500000000001819,call_wall,-2.050000000000182
2026-08-27T14:47:27.186312Z,2026-08-27T14:47:26Z,ES_SPX,gex_full,7726.06,7715.6,7743.55,7703.55,7813.55,7513.55,90609.663,39990.719,10:47:27,call_wall,-3.550000000000182,call_wall,-0.5500000000001819,call_wall,-2.050000000000182
2026-08-27T14:48:28.710482Z,2026-08-27T14:48:27Z,ES_SPX,gex_zero,7728.02,7716.05,7743.55,7703.55,7753.55,7728.55,95255.3,13071.218,10:48:28,call_wall,-3.550000000000182,call_wall,-0.5500000000001819,call_wall,-2.050000000000182
2026-08-27T14:48:29.039702Z,2026-08-27T14:48:27Z,ES_SPX,gex_full,7728.02,7716.05,7743.55,7703.55,7813.55,7513.55,98208.052,40755.736,10:48:29,call_wall,-3.550000000000182,call_wall,-0.5500000000001819,call_wall,-2.050000000000182
2026-08-27T14:49:30.466839Z,2026-08-27T14:49:30Z,ES_SPX,gex_zero,7732.78,7716.93,7743.55,7703.55,7753.55,7728.55,123911.858,15687.855,10:49:30,call_wall,-3.550000000000182,call_wall,-0.5500000000001819,call_wall,-2.050000000000182
2026-08-27T14:49:30.888137Z,2026-08-27T14:49:30Z,ES_SPX,gex_full,7732.78,7716.5,7743.55,7703.55,7813.55,7513.55,127672.649,45192.512,10:49:30,call_wall,-3.550000000000182,call_wall,-0.5500000000001819,call_wall,-2.050000000000182
2026-08-27T14:50:32.725381Z,2026-08-27T14:50:32Z,ES_SPX,gex_zero,7733.68,7716.5,7743.55,7703.55,7753.55,7728.55,136925.077,16426.889,10:50:32,call_wall,-3.550000000000182,call_wall,-0.5500000000001819,call_wall,-2.050000000000182
2026-08-27T14:50:33.124643Z,2026-08-27T14:50:32Z,ES_SPX,gex_full,7733.68,7716.5,7743.55,7703.55,7813.55,7513.55,141111.275,47155.461,10:50:33,call_wall,-3.550000000000182,call_wall,-0.5500000000001819,call_wall,-2.050000000000182
2026-08-27T14:51:34.664884Z,2026-08-27T14:51:34Z,ES_SPX,gex_zero,7732.58,7716.5,7743.55,7703.55,7753.55,7728.55,131759.395,15775.993,10:51:34,call_wall,-3.550000000000182,call_wall,-0.5500000000001819,call_wall,-2.050000000000182
2026-08-27T14:51:35.051634Z,2026-08-27T14:51:34Z,ES_SPX,gex_full,7732.58,7716.5,7743.55,7703.55,7813.55,7513.55,135877.357,46294.373,10:51:35,call_wall,-3.550000000000182,call_wall,-0.5500000000001819,call_wall,-2.050000000000182
2026-08-27T14:52:36.465163Z,2026-08-27T14:52:36Z,ES_SPX,gex_zero,7734.24,7716.5,7743.55,7703.55,7753.55,7728.55,143433.389,16821.708,10:52:36,call_wall,-3.550000000000182,call_wall,-0.5500000000001819,call_wall,-2.050000000000182
2026-08-27T14:52:36.811594Z,2026-08-27T14:52:36Z,ES_SPX,gex_full,7734.24,7716.5,7743.55,7703.55,7813.55,7513.55,147531.428,48944.051,10:52:36,call_wall,-3.550000000000182,call_wall,-0.5500000000001819,call_wall,-2.050000000000182
2026-08-27T14:53:38.319704Z,2026-08-27T14:53:37Z,ES_SPX,gex_zero,7733.1,7716.5,7743.55,7703.55,7753.55,7728.55,140762.133,16390.517,10:53:38,call_wall,-3.550000000000182,call_wall,-0.5500000000001819,call_wall,-2.050000000000182
2026-08-27T14:53:38.718682Z,2026-08-27T14:53:38Z,ES_SPX,gex_full,7732.61,7716.5,7743.55,7703.55,7813.55,7513.55,143921.713,47557.005,10:53:38,call_wall,-3.550000000000182,call_wall,-0.5500000000001819,call_wall,-2.050000000000182
2026-08-27T14:54:40.263725Z,2026-08-27T14:54:40Z,ES_SPX,gex_zero,7731.83,7717.35,7743.55,7703.55,7753.55,7728.55,128157.944,15378.607,10:54:40,call_wall,-3.550000000000182,call_wall,-0.5500000000001819,call_wall,-2.050000000000182
2026-08-27T14:54:40.686770Z,2026-08-27T14:54:40Z,ES_SPX,gex_full,7731.83,7717.35,7743.55,7703.55,7813.55,7513.55,131938.207,45828.467,10:54:40,call_wall,-3.550000000000182,call_wall,-0.5500000000001819,call_wall,-2.050000000000182
2026-08-27T14:55:42.129694Z,2026-08-27T14:55:42Z,ES_SPX,gex_zero,7730.51,7716.93,7743.55,7703.55,7753.55,7728.55,123001.414,14840.634,10:55:42,call_wall,-3.550000000000182,call_wall,-0.5500000000001819,call_wall,-2.050000000000182
2026-08-27T14:55:42.474980Z,2026-08-27T14:55:42Z,ES_SPX,gex_full,7730.51,7716.93,7743.55,7703.55,7813.55,7513.55,126851.595,45498.59,10:55:42,call_wall,-3.550000000000182,call_wall,-0.5500000000001819,call_wall,-2.050000000000182
2026-08-27T14:56:44.033825Z,2026-08-27T14:56:44Z,ES_SPX,gex_zero,7730.23,7716.93,7743.55,7703.55,7753.55,7728.55,121577.252,14769.473,10:56:44,call_wall,-3.550000000000182,call_wall,-0.5500000000001819,call_wall,-2.050000000000182
2026-08-27T14:56:44.414615Z,2026-08-27T14:56:44Z,ES_SPX,gex_full,7730.23,7716.93,7743.55,7703.55,7813.55,7513.55,125280.979,45026.407,10:56:44,call_wall,-3.550000000000182,call_wall,-0.5500000000001819,call_wall,-2.050000000000182
2026-08-27T14:57:45.957797Z,2026-08-27T14:57:45Z,ES_SPX,gex_zero,7732.31,7716.93,7743.55,7703.55,7753.55,7728.55,140880.583,16138.335,10:57:45,call_wall,-3.550000000000182,call_wall,-0.5500000000001819,call_wall,-2.050000000000182
2026-08-27T14:57:46.386939Z,2026-08-27T14:57:46Z,ES_SPX,gex_full,7732.27,7716.93,7743.55,7703.55,7813.55,7513.55,142668.616,46709.4,10:57:46,call_wall,-3.550000000000182,call_wall,-0.5500000000001819,call_wall,-2.050000000000182
2026-08-27T14:58:47.994887Z,2026-08-27T14:58:48Z,ES_SPX,gex_zero,7733.15,7717.35,7743.55,7703.55,7753.55,7728.55,140043.845,16111.711,10:58:47,call_wall,-3.550000000000182,call_wall,-0.5500000000001819,call_wall,-2.050000000000182
2026-08-27T14:58:48.321322Z,2026-08-27T14:58:48Z,ES_SPX,gex_full,7733.15,7716.93,7743.55,7703.55,7813.55,7513.55,143962.403,47018.529,10:58:48,call_wall,-3.550000000000182,call_wall,-0.5500000000001819,call_wall,-2.050000000000182
2026-08-27T14:59:49.837295Z,2026-08-27T14:59:48Z,ES_SPX,gex_zero,7734.13,7717.35,7743.55,7703.55,7753.55,7728.55,143384.223,16435.331,10:59:49,call_wall,-3.550000000000182,call_wall,-0.5500000000001819,call_wall,-2.050000000000182
2026-08-27T14:59:50.152511Z,2026-08-27T14:59:50Z,ES_SPX,gex_full,7734.3,7717.35,7743.55,7703.55,7813.55,7513.55,148491.096,49257.416,10:59:50,call_wall,-3.550000000000182,call_wall,-0.5500000000001819,call_wall,-2.050000000000182
2026-08-27T15:00:51.713633Z,2026-08-27T15:00:51Z,ES_SPX,gex_zero,7736.04,7717.97,7743.8,7703.8,7753.8,7728.8,152706.279,17094.472,11:00:51,call_wall,-3.800000000000182,call_wall,-0.8000000000001819,call_wall,-2.300000000000182
2026-08-27T15:00:52.030240Z,2026-08-27T15:00:51Z,ES_SPX,gex_full,7736.04,7717.97,7743.8,7703.8,7813.8,7513.8,157221.547,50471.378,11:00:52,call_wall,-3.800000000000182,call_wall,-0.8000000000001819,call_wall,-2.300000000000182
2026-08-27T15:01:53.565286Z,2026-08-27T15:01:52Z,ES_SPX,gex_zero,7737.96,7717.97,7743.8,7703.8,7753.8,7728.8,170146.678,18480.396,11:01:53,call_wall,-3.800000000000182,call_wall,-0.8000000000001819,call_wall,-2.300000000000182
2026-08-27T15:01:53.856919Z,2026-08-27T15:01:52Z,ES_SPX,gex_full,7737.96,7717.97,7743.8,7703.8,7813.8,7513.8,174994.79,52606.902,11:01:53,call_wall,-3.800000000000182,call_wall,-0.8000000000001819,call_wall,-2.300000000000182
2026-08-27T15:02:55.342492Z,2026-08-27T15:02:54Z,ES_SPX,gex_zero,7736.87,7717.97,7743.8,7703.8,7753.8,7728.8,168730.762,18075.468,11:02:55,call_wall,-3.800000000000182,call_wall,-0.8000000000001819,call_wall,-2.300000000000182
2026-08-27T15:02:55.672381Z,2026-08-27T15:02:54Z,ES_SPX,gex_full,7736.87,7717.97,7743.8,7703.8,7813.8,7513.8,173628.728,52344.927,11:02:55,call_wall,-3.800000000000182,call_wall,-0.8000000000001819,call_wall,-2.300000000000182
2026-08-27T15:03:57.216156Z,2026-08-27T15:03:56Z,ES_SPX,gex_zero,7734.09,7718.29,7743.8,7703.8,7753.8,7728.8,145571.025,16203.299,11:03:57,call_wall,-3.800000000000182,call_wall,-0.8000000000001819,call_wall,-2.300000000000182
2026-08-27T15:03:57.526221Z,2026-08-27T15:03:56Z,ES_SPX,gex_full,7734.09,7718.29,7743.8,7703.8,7813.8,7513.8,150174.648,50095.156,11:03:57,call_wall,-3.800000000000182,call_wall,-0.8000000000001819,call_wall,-2.300000000000182
2026-08-27T15:04:58.974064Z,2026-08-27T15:04:58Z,ES_SPX,gex_zero,7737.8,7717.97,7743.8,7703.8,7753.8,7728.8,180380.159,18985.99,11:04:58,call_wall,-3.800000000000182,call_wall,-0.8000000000001819,call_wall,-2.300000000000182
2026-08-27T15:04:59.404559Z,2026-08-27T15:04:58Z,ES_SPX,gex_full,7737.8,7717.97,7743.8,7703.8,7813.8,7513.8,185233.286,53399.692,11:04:59,call_wall,-3.800000000000182,call_wall,-0.8000000000001819,call_wall,-2.300000000000182
2026-08-27T15:06:00.924321Z,2026-08-27T15:06:00Z,ES_SPX,gex_zero,7737.33,7718.29,7743.8,7703.88,7753.8,7728.8,169998.032,18002.259,11:06:00,call_wall,-3.800000000000182,call_wall,-0.8000000000001819,call_wall,-2.300000000000182
2026-08-27T15:06:01.250728Z,2026-08-27T15:06:00Z,ES_SPX,gex_full,7737.33,7718.29,7743.8,7703.8,7813.8,7513.8,175060.021,52662.502,11:06:01,call_wall,-3.800000000000182,call_wall,-0.8000000000001819,call_wall,-2.300000000000182
2026-08-27T15:07:02.697176Z,2026-08-27T15:07:02Z,ES_SPX,gex_zero,7736.42,7717.97,7743.8,7703.8,7753.8,7728.8,174019.071,18132.98,11:07:02,call_wall,-3.800000000000182,call_wall,-0.8000000000001819,call_wall,-2.300000000000182
2026-08-27T15:07:03.051822Z,2026-08-27T15:07:02Z,ES_SPX,gex_full,7736.42,7717.97,7743.8,7703.8,7813.8,7513.8,179101.603,52769.702,11:07:03,call_wall,-3.800000000000182,call_wall,-0.8000000000001819,call_wall,-2.300000000000182
2026-08-27T15:08:04.492441Z,2026-08-27T15:08:03Z,ES_SPX,gex_zero,7735.57,7718.54,7743.8,7703.8,7753.8,7728.8,164876.632,17406.482,11:08:04,call_wall,-3.800000000000182,call_wall,-0.8000000000001819,call_wall,-2.300000000000182
2026-08-27T15:08:04.884284Z,2026-08-27T15:08:04Z,ES_SPX,gex_full,7735.25,7718.54,7743.8,7703.8,7813.8,7513.8,167122.672,51393.764,11:08:04,call_wall,-3.800000000000182,call_wall,-0.8000000000001819,call_wall,-2.300000000000182
2026-08-27T15:09:06.436063Z,2026-08-27T15:09:05Z,ES_SPX,gex_zero,7736.2,7718.54,7743.8,7703.8,7753.8,7728.8,165587.475,17557.497,11:09:06,call_wall,-3.800000000000182,call_wall,-0.8000000000001819,call_wall,-2.300000000000182
2026-08-27T15:09:06.823822Z,2026-08-27T15:09:05Z,ES_SPX,gex_full,7736.2,7718.29,7743.8,7703.8,7813.8,7513.8,170627.513,51718.475,11:09:06,call_wall,-3.800000000000182,call_wall,-0.8000000000001819,call_wall,-2.300000000000182
2026-08-27T15:10:08.249164Z,2026-08-27T15:10:07Z,ES_SPX,gex_zero,7737.72,7718.29,7743.8,7703.8,7753.8,7728.8,185445.078,19145.429,11:10:08,call_wall,-3.800000000000182,call_wall,-0.8000000000001819,call_wall,-2.300000000000182
2026-08-27T15:10:08.588509Z,2026-08-27T15:10:07Z,ES_SPX,gex_full,7737.72,7718.29,7743.8,7703.8,7813.8,7513.8,190637.174,53524.46,11:10:08,call_wall,-3.800000000000182,call_wall,-0.8000000000001819,call_wall,-2.300000000000182
2026-08-27T15:11:10.100950Z,2026-08-27T15:11:09Z,ES_SPX,gex_zero,7737.11,7718.54,7743.8,7703.88,7753.8,7728.8,174230.614,18000.932,11:11:10,call_wall,-3.800000000000182,call_wall,-0.8000000000001819,call_wall,-2.300000000000182
2026-08-27T15:11:10.460749Z,2026-08-27T15:11:09Z,ES_SPX,gex_full,7737.11,7718.29,7743.8,7703.8,7813.8,7513.8,179606.3,52675.194,11:11:10,call_wall,-3.800000000000182,call_wall,-0.8000000000001819,call_wall,-2.300000000000182
2026-08-27T15:11:47.118914Z,2026-08-27T15:11:46Z,ES_SPX,gex_zero,7738.49,7718.29,7743.8,7703.88,7753.8,7728.8,189109.022,19314.573,11:11:47,call_wall,-3.800000000000182,call_wall,-0.8000000000001819,call_wall,-2.300000000000182
2026-08-27T15:12:12.038373Z,2026-08-27T15:12:11Z,ES_SPX,gex_zero,7737.83,7718.54,7743.8,7703.88,7753.8,7728.8,183132.96,18771.695,11:12:12,call_wall,-3.800000000000182,call_wall,-0.8000000000001819,call_wall,-2.300000000000182
2026-08-27T15:12:12.415476Z,2026-08-27T15:12:11Z,ES_SPX,gex_full,7737.83,7718.29,7743.8,7703.8,7813.8,7513.8,188719.204,53855.675,11:12:12,call_wall,-3.800000000000182,call_wall,-0.8000000000001819,call_wall,-2.300000000000182
2026-08-27T15:13:13.963894Z,2026-08-27T15:13:14Z,ES_SPX,gex_zero,7737.48,7718.29,7743.8,7703.88,7753.8,7728.8,186669.722,19122.894,11:13:13,call_wall,-3.800000000000182,call_wall,-0.8000000000001819,call_wall,-2.300000000000182
2026-08-27T15:13:14.348294Z,2026-08-27T15:13:12Z,ES_SPX,gex_full,7737.81,7718.29,7743.8,7703.88,7813.8,7513.8,192242.696,54157.055,11:13:14,call_wall,-3.800000000000182,call_wall,-0.8000000000001819,call_wall,-2.300000000000182
2026-08-27T15:14:15.820428Z,2026-08-27T15:14:15Z,ES_SPX,gex_zero,7737.75,7718.54,7743.8,7713.54,7753.8,7728.8,184669.06,18651.672,11:14:15,call_wall,-3.800000000000182,call_wall,-0.8000000000001819,call_wall,-2.300000000000182
2026-08-27T15:14:16.183310Z,2026-08-27T15:14:15Z,ES_SPX,gex_full,7737.75,7718.54,7743.8,7703.8,7813.8,7513.8,190290.24,53895.118,11:14:16,call_wall,-3.800000000000182,call_wall,-0.8000000000001819,call_wall,-2.300000000000182
2026-08-27T15:15:17.709253Z,2026-08-27T15:15:16Z,ES_SPX,gex_zero,7740.12,7718.59,7743.84,7713.76,7753.84,7728.84,210955.328,20605.9,11:15:17,call_wall,-3.8400000000001455,call_wall,-0.8400000000001455,call_wall,-2.3400000000001455
2026-08-27T15:15:18.110724Z,2026-08-27T15:15:18Z,ES_SPX,gex_full,7740.03,7718.34,7743.84,7703.84,7813.84,7513.84,216874.267,56998.008,11:15:18,call_wall,-3.8400000000001455,call_wall,-0.8400000000001455,call_wall,-2.3400000000001455
2026-08-27T15:16:19.618508Z,2026-08-27T15:16:18Z,ES_SPX,gex_zero,7741.8,7718.76,7743.84,7713.76,7753.84,7728.84,214082.108,21186.558,11:16:19,call_wall,-3.8400000000001455,call_wall,-0.8400000000001455,call_wall,-2.3400000000001455
2026-08-27T15:16:19.946245Z,2026-08-27T15:16:18Z,ES_SPX,gex_full,7741.8,7718.59,7743.84,7713.76,7813.84,7513.84,220456.77,58568.678,11:16:19,call_wall,-3.8400000000001455,call_wall,-0.8400000000001455,call_wall,-2.3400000000001455
2026-08-27T15:17:21.369659Z,2026-08-27T15:17:20Z,ES_SPX,gex_zero,7742.39,7718.59,7743.84,7713.76,7753.84,7728.84,220238.296,21533.788,11:17:21,call_wall,-3.8400000000001455,call_wall,-0.8400000000001455,call_wall,-2.3400000000001455
2026-08-27T15:17:21.720002Z,2026-08-27T15:17:21Z,ES_SPX,gex_full,7742.36,7718.59,7743.84,7713.76,7813.84,7513.84,223449.173,59005.769,11:17:21,call_wall,-3.8400000000001455,call_wall,-0.8400000000001455,call_wall,-2.3400000000001455
2026-08-27T15:18:23.267951Z,2026-08-27T15:18:23Z,ES_SPX,gex_zero,7741.45,7718.93,7743.84,7713.76,7753.84,7728.84,212898.382,20364.898,11:18:23,call_wall,-3.8400000000001455,call_wall,-0.8400000000001455,call_wall,-2.3400000000001455
2026-08-27T15:18:23.635272Z,2026-08-27T15:18:23Z,ES_SPX,gex_full,7741.45,7718.84,7743.84,7713.76,7813.84,7513.84,220061.552,58240.145,11:18:23,call_wall,-3.8400000000001455,call_wall,-0.8400000000001455,call_wall,-2.3400000000001455
2026-08-27T15:19:25.183284Z,2026-08-27T15:19:25Z,ES_SPX,gex_zero,7741.67,7718.84,7743.84,7713.76,7753.84,7728.84,230510.074,21478.058,11:19:25,call_wall,-3.8400000000001455,call_wall,-0.8400000000001455,call_wall,-2.3400000000001455
2026-08-27T15:19:25.550439Z,2026-08-27T15:19:25Z,ES_SPX,gex_full,7741.67,7718.76,7743.84,7713.76,7813.84,7513.84,237901.77,59537.934,11:19:25,call_wall,-3.8400000000001455,call_wall,-0.8400000000001455,call_wall,-2.3400000000001455
2026-08-27T15:20:27.109564Z,2026-08-27T15:20:26Z,ES_SPX,gex_zero,7741.69,7719.1,7743.84,7713.76,7753.84,7728.84,220046.521,21044.473,11:20:27,call_wall,-3.8400000000001455,call_wall,-0.8400000000001455,call_wall,-2.3400000000001455
2026-08-27T15:20:27.409138Z,2026-08-27T15:20:26Z,ES_SPX,gex_full,7741.69,7718.93,7743.84,7713.76,7813.84,7513.84,227303.215,58809.937,11:20:27,call_wall,-3.8400000000001455,call_wall,-0.8400000000001455,call_wall,-2.3400000000001455
2026-08-27T15:21:28.944247Z,2026-08-27T15:21:28Z,ES_SPX,gex_zero,7742.22,7718.84,7743.84,7713.76,7753.84,7728.84,227806.612,21454.097,11:21:28,call_wall,-3.8400000000001455,call_wall,-0.8400000000001455,call_wall,-2.3400000000001455
2026-08-27T15:21:29.324259Z,2026-08-27T15:21:28Z,ES_SPX,gex_full,7742.22,7718.76,7743.84,7713.76,7813.84,7513.84,235011.641,59218.262,11:21:29,call_wall,-3.8400000000001455,call_wall,-0.8400000000001455,call_wall,-2.3400000000001455
2026-08-27T15:22:30.895673Z,2026-08-27T15:22:30Z,ES_SPX,gex_zero,7740.29,7718.84,7743.84,7713.84,7753.84,7728.84,222705.354,20682.078,11:22:30,call_wall,-3.8400000000001455,call_wall,-0.8400000000001455,call_wall,-2.3400000000001455
2026-08-27T15:22:31.191809Z,2026-08-27T15:22:30Z,ES_SPX,gex_full,7740.29,7718.76,7743.84,7713.76,7813.84,7513.84,229962.66,58306.189,11:22:31,call_wall,-3.8400000000001455,call_wall,-0.8400000000001455,call_wall,-2.3400000000001455
2026-08-27T15:23:32.659972Z,2026-08-27T15:23:31Z,ES_SPX,gex_zero,7739.61,7719.35,7743.84,7713.76,7753.84,7728.84,211132.562,19786.5,11:23:32,call_wall,-3.8400000000001455,call_wall,-0.8400000000001455,call_wall,-2.3400000000001455
2026-08-27T15:23:33.054749Z,2026-08-27T15:23:32Z,ES_SPX,gex_full,7739.22,7719.1,7743.84,7713.76,7813.84,7513.84,215843.669,56518.737,11:23:33,call_wall,-3.8400000000001455,call_wall,-0.8400000000001455,call_wall,-2.3400000000001455
2026-08-27T15:24:34.642914Z,2026-08-27T15:24:34Z,ES_SPX,gex_zero,7740.16,7719.1,7743.84,7713.76,7753.84,7728.84,219630.377,20593.568,11:24:34,call_wall,-3.8400000000001455,call_wall,-0.8400000000001455,call_wall,-2.3400000000001455
2026-08-27T15:24:34.906895Z,2026-08-27T15:24:34Z,ES_SPX,gex_full,7740.16,7718.93,7743.84,7713.76,7813.84,7513.84,226732.904,57694.806,11:24:34,call_wall,-3.8400000000001455,call_wall,-0.8400000000001455,call_wall,-2.3400000000001455
2026-08-27T15:25:36.537480Z,2026-08-27T15:25:35Z,ES_SPX,gex_zero,7736.92,7719.35,7743.84,7713.76,7753.84,7728.84,187960.607,18010.872,11:25:36,call_wall,-3.8400000000001455,call_wall,-0.8400000000001455,call_wall,-2.3400000000001455
2026-08-27T15:25:36.843294Z,2026-08-27T15:25:36Z,ES_SPX,gex_full,7737.39,7719.67,7743.84,7713.76,7813.84,7513.84,194997.813,54175.974,11:25:36,call_wall,-3.8400000000001455,call_wall,-0.8400000000001455,call_wall,-2.3400000000001455
2026-08-27T15:26:38.311560Z,2026-08-27T15:26:37Z,ES_SPX,gex_zero,7737.98,7719.35,7743.84,7713.84,7753.84,7728.84,204197.62,19215.685,11:26:38,call_wall,-3.8400000000001455,call_wall,-0.8400000000001455,call_wall,-2.3400000000001455
2026-08-27T15:26:38.636476Z,2026-08-27T15:26:38Z,ES_SPX,gex_full,7737.88,7719.1,7743.84,7713.76,7813.84,7513.84,211294.999,55169.068,11:26:38,call_wall,-3.8400000000001455,call_wall,-0.8400000000001455,call_wall,-2.3400000000001455
2026-08-27T15:27:40.234720Z,2026-08-27T15:27:39Z,ES_SPX,gex_zero,7738.08,7719.35,7743.84,7713.76,7753.84,7728.84,202689.443,18874.587,11:27:40,call_wall,-3.8400000000001455,call_wall,-0.8400000000001455,call_wall,-2.3400000000001455
2026-08-27T15:27:40.551837Z,2026-08-27T15:27:39Z,ES_SPX,gex_full,7738.08,7719.1,7743.84,7713.76,7813.84,7513.84,209271.8,54859.866,11:27:40,call_wall,-3.8400000000001455,call_wall,-0.8400000000001455,call_wall,-2.3400000000001455
2026-08-27T15:28:42.047277Z,2026-08-27T15:28:42Z,ES_SPX,gex_zero,7737.05,7719.67,7743.84,7713.84,7753.84,7728.84,192371.916,18186.41,11:28:42,call_wall,-3.8400000000001455,call_wall,-0.8400000000001455,call_wall,-2.3400000000001455
2026-08-27T15:28:42.415610Z,2026-08-27T15:28:42Z,ES_SPX,gex_full,7737.05,7719.67,7743.84,7713.84,7813.84,7513.84,198712.31,53656.167,11:28:42,call_wall,-3.8400000000001455,call_wall,-0.8400000000001455,call_wall,-2.3400000000001455
2026-08-27T15:29:43.913191Z,2026-08-27T15:29:44Z,ES_SPX,gex_zero,7734.49,7719.35,7743.84,7713.84,7753.84,7728.84,175662.326,16947.273,11:29:43,call_wall,-3.8400000000001455,call_wall,-0.8400000000001455,call_wall,-2.3400000000001455
2026-08-27T15:29:44.289112Z,2026-08-27T15:29:44Z,ES_SPX,gex_full,7734.49,7719.35,7743.84,7713.84,7813.84,7513.84,181747.369,51971.639,11:29:44,call_wall,-3.8400000000001455,call_wall,-0.8400000000001455,call_wall,-2.3400000000001455
2026-08-27T15:30:45.795516Z,2026-08-27T15:30:44Z,ES_SPX,gex_zero,7733.11,7719.38,7743.87,7713.87,7753.87,7728.87,158499.481,16143.461,11:30:45,call_wall,-3.869999999999891,call_wall,-0.8699999999998909,call_wall,-2.369999999999891
2026-08-27T15:30:46.086707Z,2026-08-27T15:30:46Z,ES_SPX,gex_full,7733.16,7719.38,7743.87,7713.87,7913.87,7513.87,159728.851,48940.189,11:30:46,call_wall,-3.869999999999891,call_wall,-0.8699999999998909,call_wall,-2.369999999999891
2026-08-27T15:31:47.953410Z,2026-08-27T15:31:46Z,ES_SPX,gex_zero,7734.36,7719.7,7743.87,7713.87,7753.87,7728.87,169129.419,16906.068,11:31:47,call_wall,-3.869999999999891,call_wall,-0.8699999999998909,call_wall,-2.369999999999891
2026-08-27T15:31:48.390223Z,2026-08-27T15:31:46Z,ES_SPX,gex_full,7734.36,7719.7,7743.87,7713.87,7913.87,7513.87,174512.838,50744.332,11:31:48,call_wall,-3.869999999999891,call_wall,-0.8699999999998909,call_wall,-2.369999999999891
2026-08-27T15:32:49.912460Z,2026-08-27T15:32:49Z,ES_SPX,gex_zero,7734.97,7720.48,7743.87,7713.87,7753.87,7728.87,164168.143,16616.275,11:32:49,call_wall,-3.869999999999891,call_wall,-0.8699999999998909,call_wall,-2.369999999999891
2026-08-27T15:32:50.457350Z,2026-08-27T15:32:49Z,ES_SPX,gex_full,7734.97,7720.07,7743.87,7713.87,7813.87,7513.87,169793.66,50957.846,11:32:50,call_wall,-3.869999999999891,call_wall,-0.8699999999998909,call_wall,-2.369999999999891
2026-08-27T15:33:51.972083Z,2026-08-27T15:33:50Z,ES_SPX,gex_zero,7736.31,7720.07,7743.87,7713.87,7753.87,7728.87,186973.09,18108.069,11:33:51,call_wall,-3.869999999999891,call_wall,-0.8699999999998909,call_wall,-2.369999999999891
2026-08-27T15:33:52.264572Z,2026-08-27T15:33:52Z,ES_SPX,gex_full,7736.27,7719.7,7743.87,7713.87,7813.87,7513.87,194383.579,53167.376,11:33:52,call_wall,-3.869999999999891,call_wall,-0.8699999999998909,call_wall,-2.369999999999891
2026-08-27T15:34:53.847465Z,2026-08-27T15:34:52Z,ES_SPX,gex_zero,7733.95,7719.7,7743.87,7713.87,7753.87,7728.87,165800.954,16569.334,11:34:53,call_wall,-3.869999999999891,call_wall,-0.8699999999998909,call_wall,-2.369999999999891
2026-08-27T15:34:54.157125Z,2026-08-27T15:34:52Z,ES_SPX,gex_full,7733.95,7719.7,7743.87,7713.87,7913.87,7513.87,171327.931,49442.861,11:34:54,call_wall,-3.869999999999891,call_wall,-0.8699999999998909,call_wall,-2.369999999999891
2026-08-27T15:35:55.742974Z,2026-08-27T15:35:54Z,ES_SPX,gex_zero,7732.88,7719.7,7743.87,7713.87,7753.87,7728.87,157254.94,15921.797,11:35:55,call_wall,-3.869999999999891,call_wall,-0.8699999999998909,call_wall,-2.369999999999891
2026-08-27T15:35:56.042472Z,2026-08-27T15:35:56Z,ES_SPX,gex_full,7733.15,7720.07,7743.87,7713.87,7913.87,7513.87,156269.887,48235.186,11:35:56,call_wall,-3.869999999999891,call_wall,-0.8699999999998909,call_wall,-2.369999999999891
2026-08-27T15:36:57.730874Z,2026-08-27T15:36:57Z,ES_SPX,gex_zero,7732.25,7720.07,7743.87,7713.87,7753.87,7728.87,152242.965,15719.993,11:36:57,call_wall,-3.869999999999891,call_wall,-0.8699999999998909,call_wall,-2.369999999999891
2026-08-27T15:36:58.095808Z,2026-08-27T15:36:57Z,ES_SPX,gex_full,7732.25,7719.7,7743.87,7713.87,7913.87,7513.87,157554.519,48129.661,11:36:58,call_wall,-3.869999999999891,call_wall,-0.8699999999998909,call_wall,-2.369999999999891
2026-08-27T15:37:59.496862Z,2026-08-27T15:37:58Z,ES_SPX,gex_zero,7731.76,7720.48,7743.87,7713.87,7753.87,7728.87,141619.719,15138.487,11:37:59,call_wall,-3.869999999999891,call_wall,-0.8699999999998909,call_wall,-2.369999999999891
2026-08-27T15:37:59.814824Z,2026-08-27T15:38:00Z,ES_SPX,gex_full,7731.7,7720.48,7743.87,7713.87,7913.87,7513.87,142180.376,47094.915,11:37:59,call_wall,-3.869999999999891,call_wall,-0.8699999999998909,call_wall,-2.369999999999891
2026-08-27T15:39:02.990148Z,2026-08-27T15:39:03Z,ES_SPX,gex_zero,7731.62,7720.48,7743.87,7713.87,7753.87,7728.87,143613.285,15240.022,11:39:02,call_wall,-3.869999999999891,call_wall,-0.8699999999998909,call_wall,-2.369999999999891
2026-08-27T15:39:03.323247Z,2026-08-27T15:39:03Z,ES_SPX,gex_full,7731.62,7720.48,7743.87,7713.87,7913.87,7513.87,148727.677,47295.574,11:39:03,call_wall,-3.869999999999891,call_wall,-0.8699999999998909,call_wall,-2.369999999999891
2026-08-27T15:40:05.278691Z,2026-08-27T15:40:04Z,ES_SPX,gex_zero,7731.08,7720.07,7743.87,7713.87,7753.87,7728.87,144966.669,15257.778,11:40:05,call_wall,-3.869999999999891,call_wall,-0.8699999999998909,call_wall,-2.369999999999891
2026-08-27T15:40:05.583343Z,2026-08-27T15:40:04Z,ES_SPX,gex_full,7731.08,7719.7,7743.87,7713.87,7913.87,7513.87,149859.986,47042.164,11:40:05,call_wall,-3.869999999999891,call_wall,-0.8699999999998909,call_wall,-2.369999999999891
2026-08-27T15:41:07.202912Z,2026-08-27T15:41:06Z,ES_SPX,gex_zero,7732.26,7720.48,7743.87,7713.87,7753.87,7728.87,150329.625,15559.663,11:41:07,call_wall,-3.869999999999891,call_wall,-0.8699999999998909,call_wall,-2.369999999999891
2026-08-27T15:41:07.480110Z,2026-08-27T15:41:06Z,ES_SPX,gex_full,7732.26,7720.48,7743.87,7713.87,7913.87,7513.87,155096.068,47406.078,11:41:07,call_wall,-3.869999999999891,call_wall,-0.8699999999998909,call_wall,-2.369999999999891
2026-08-27T15:42:08.903635Z,2026-08-27T15:42:08Z,ES_SPX,gex_zero,7734.43,7720.48,7743.87,7713.87,7753.87,7728.87,178688.743,17082.701,11:42:08,call_wall,-3.869999999999891,call_wall,-0.8699999999998909,call_wall,-2.369999999999891
2026-08-27T15:42:09.287178Z,2026-08-27T15:42:08Z,ES_SPX,gex_full,7734.43,7720.48,7743.87,7713.87,7813.87,7513.87,184128.799,50761.082,11:42:09,call_wall,-3.869999999999891,call_wall,-0.8699999999998909,call_wall,-2.369999999999891
2026-08-27T15:43:10.848186Z,2026-08-27T15:43:09Z,ES_SPX,gex_zero,7731.73,7720.07,7743.87,7713.87,7753.87,7728.87,157264.374,15694.465,11:43:10,call_wall,-3.869999999999891,call_wall,-0.8699999999998909,call_wall,-2.369999999999891
2026-08-27T15:43:11.162457Z,2026-08-27T15:43:11Z,ES_SPX,gex_full,7731.43,7720.07,7743.87,7713.87,7813.87,7513.87,157255.543,47833.704,11:43:11,call_wall,-3.869999999999891,call_wall,-0.8699999999998909,call_wall,-2.369999999999891
2026-08-27T15:44:12.780046Z,2026-08-27T15:44:12Z,ES_SPX,gex_zero,7728.52,7721.82,7743.87,7713.87,7753.87,7728.87,101827.469,12895.911,11:44:12,call_wall,-3.869999999999891,call_wall,-0.8699999999998909,call_wall,-2.369999999999891
2026-08-27T15:44:13.270725Z,2026-08-27T15:44:13Z,ES_SPX,gex_full,7728.7,7721.37,7743.87,7713.87,7813.87,7513.87,108074.627,44100.733,11:44:13,call_wall,-3.869999999999891,call_wall,-0.8699999999998909,call_wall,-2.369999999999891
