source,line,utc,et,event,campaign_id,action,policy,reason,waypoint,phase,pos_before,price,evidence_kind,evidence_side,evidence_range,ts_utc,mono_us,simulated_position_quantity,live_position_quantity,active_risk_anchor,active_risk_anchor_evidence_id,root_risk_anchor,root_risk_anchor_evidence_id,armed_waypoint_id,suppress_adds_until,execution_attempt_count,max_retry,retries_remaining,execution_pause_reason,execution_paused_at,execution_accepted,execution_shadow,execution_order_id,execution_message,kind,mid_price,band_side,band_state,band_min,band_max,band_score,candidate_side,candidate_min,candidate_max,candidate_score
kahn,8517,2026-08-27T14:35:00.073626Z,10:35:00,policy_decision,es-2026-08-27-long-orr-7716-7726,SuppressAdd,no_add_zone,inside_no_add_zone,no-add-7716-7728,ProbeOpen,2,7725.375,PriceTouch,None,,,,,,,,,,,,,,,,,,,,,,,,,,,,,,,
kahn,8518,2026-08-27T14:35:00.075132Z,10:35:00,campaign_state,es-2026-08-27-long-orr-7716-7726,,,,,ProbeOpen,,,,,,2026-08-27T14:35:00.0751323Z,4643851114,2,2,"{'lower': 7712, 'upper': 7714.75}",live-ll-30-RailHeld-639234364735137021,"{'lower': 7712, 'upper': 7714.75}",live-ll-30-RailHeld-639234364735137021,,2026-08-27T14:36:30.0667161+00:00,3,3,0,,,True,False,,state-only decision,,,,,,,,,,,
kahn,8519,2026-08-27T14:35:05.328321Z,10:35:05,policy_decision,es-2026-08-27-long-orr-7716-7726,SuppressAdd,no_add_zone,inside_no_add_zone,no-add-7716-7728,ProbeOpen,2,7726.125,PriceTouch,None,,,,,,,,,,,,,,,,,,,,,,,,,,,,,,,
kahn,8520,2026-08-27T14:35:05.328885Z,10:35:05,campaign_state,es-2026-08-27-long-orr-7716-7726,,,,,ProbeOpen,,,,,,2026-08-27T14:35:05.3288857Z,4649104682,2,2,"{'lower': 7712, 'upper': 7714.75}",live-ll-30-RailHeld-639234364735137021,"{'lower': 7712, 'upper': 7714.75}",live-ll-30-RailHeld-639234364735137021,,2026-08-27T14:36:35.3271162+00:00,3,3,0,,,True,False,,state-only decision,,,,,,,,,,,
kahn,8522,2026-08-27T14:35:10.571074Z,10:35:10,policy_decision,es-2026-08-27-long-orr-7716-7726,SuppressAdd,no_add_zone,inside_no_add_zone,no-add-7716-7728,ProbeOpen,2,7726.125,PriceTouch,None,,,,,,,,,,,,,,,,,,,,,,,,,,,,,,,
kahn,8523,2026-08-27T14:35:10.571377Z,10:35:10,campaign_state,es-2026-08-27-long-orr-7716-7726,,,,,ProbeOpen,,,,,,2026-08-27T14:35:10.5713779Z,4654346994,2,2,"{'lower': 7712, 'upper': 7714.75}",live-ll-30-RailHeld-639234364735137021,"{'lower': 7712, 'upper': 7714.75}",live-ll-30-RailHeld-639234364735137021,,2026-08-27T14:36:40.5704219+00:00,3,3,0,,,True,False,,state-only decision,,,,,,,,,,,
kahn,8525,2026-08-27T14:35:14.574461Z,10:35:14,ll_transition,,,,,,,,,,,,,,,,,,,,,,,,,,,,,,,RailHeld,7726.5,Demand,Owned,7723.5,7724.0,11.296402235539828,,,,
kahn,8526,2026-08-27T14:35:15.578258Z,10:35:15,policy_decision,es-2026-08-27-long-orr-7716-7726,SuppressAdd,no_add_zone,inside_no_add_zone,no-add-7716-7728,ProbeOpen,2,7726.625,PriceTouch,None,,,,,,,,,,,,,,,,,,,,,,,,,,,,,,,
kahn,8527,2026-08-27T14:35:15.578612Z,10:35:15,campaign_state,es-2026-08-27-long-orr-7716-7726,,,,,ProbeOpen,,,,,,2026-08-27T14:35:15.5786125Z,4659354056,2,2,"{'lower': 7712, 'upper': 7714.75}",live-ll-30-RailHeld-639234364735137021,"{'lower': 7712, 'upper': 7714.75}",live-ll-30-RailHeld-639234364735137021,,2026-08-27T14:36:45.5751227+00:00,3,3,0,,,True,False,,state-only decision,,,,,,,,,,,
kahn,8530,2026-08-27T14:35:20.829627Z,10:35:20,policy_decision,es-2026-08-27-long-orr-7716-7726,SuppressAdd,no_add_zone,inside_no_add_zone,no-add-7716-7728,ProbeOpen,2,7725.625,PriceTouch,None,,,,,,,,,,,,,,,,,,,,,,,,,,,,,,,
kahn,8531,2026-08-27T14:35:20.830114Z,10:35:20,campaign_state,es-2026-08-27-long-orr-7716-7726,,,,,ProbeOpen,,,,,,2026-08-27T14:35:20.8301144Z,4664605378,2,2,"{'lower': 7712, 'upper': 7714.75}",live-ll-30-RailHeld-639234364735137021,"{'lower': 7712, 'upper': 7714.75}",live-ll-30-RailHeld-639234364735137021,,2026-08-27T14:36:50.8289470+00:00,3,3,0,,,True,False,,state-only decision,,,,,,,,,,,
kahn,8533,2026-08-27T14:35:25.846675Z,10:35:25,ll_transition,,,,Favor,,,,,,,,,,,,,,,,,,,,,,,,,,,CandidateDisplacementStarted,7727.0,,,,,,Demand,7724.75,7725.0,9.503281000382641
kahn,8534,2026-08-27T14:35:25.846858Z,10:35:25,ll_transition,,,,,,,,,,,,,,,,,,,,,,,,,,,,,,,RailTested,7727.0,Supply,Tested,7728.0,7729.75,43.4828887540185,,,,
kahn,8535,2026-08-27T14:35:25.847277Z,10:35:25,policy_decision,es-2026-08-27-long-orr-7716-7726,SuppressAdd,no_add_zone,inside_no_add_zone,no-add-7716-7728,ProbeOpen,2,7727.0,RailTested,Supply,"{'lower': 7728, 'upper': 7729.75}",,,,,,,,,,,,,,,,,,,,,,,,,,,,,,
kahn,8536,2026-08-27T14:35:25.848328Z,10:35:25,campaign_state,es-2026-08-27-long-orr-7716-7726,,,,,ProbeOpen,,,,,,2026-08-27T14:35:25.8483286Z,4669623512,2,2,"{'lower': 7712, 'upper': 7714.75}",live-ll-30-RailHeld-639234364735137021,"{'lower': 7712, 'upper': 7714.75}",live-ll-30-RailHeld-639234364735137021,,2026-08-27T14:36:55.8469896+00:00,3,3,0,,,True,False,,state-only decision,,,,,,,,,,,
kahn,8538,2026-08-27T14:35:31.073165Z,10:35:31,policy_decision,es-2026-08-27-long-orr-7716-7726,SuppressAdd,no_add_zone,inside_no_add_zone,no-add-7716-7728,ProbeOpen,2,7727.125,PriceTouch,None,,,,,,,,,,,,,,,,,,,,,,,,,,,,,,,
kahn,8539,2026-08-27T14:35:31.073697Z,10:35:31,campaign_state,es-2026-08-27-long-orr-7716-7726,,,,,ProbeOpen,,,,,,2026-08-27T14:35:31.0736977Z,4674848608,2,2,"{'lower': 7712, 'upper': 7714.75}",live-ll-30-RailHeld-639234364735137021,"{'lower': 7712, 'upper': 7714.75}",live-ll-30-RailHeld-639234364735137021,,2026-08-27T14:37:01.0724332+00:00,3,3,0,,,True,False,,state-only decision,,,,,,,,,,,
kahn,8540,2026-08-27T14:35:36.088269Z,10:35:36,ll_transition,,,,OWNED,,,,,,,,,,,,,,,,,,,,,,,,,,,RailOwned,7727.5,Demand,Owned,7724.75,7725.0,9.503281000382641,Demand,7724.75,7725.0,9.503281000382641
kahn,8541,2026-08-27T14:35:36.088689Z,10:35:36,policy_decision,es-2026-08-27-long-orr-7716-7726,SuppressAdd,no_add_zone,inside_no_add_zone,no-add-7716-7728,ProbeOpen,2,7727.5,RailOwned,Demand,"{'lower': 7724.75, 'upper': 7725}",,,,,,,,,,,,,,,,,,,,,,,,,,,,,,
kahn,8542,2026-08-27T14:35:36.095889Z,10:35:36,campaign_state,es-2026-08-27-long-orr-7716-7726,,,,,ProbeOpen,,,,,,2026-08-27T14:35:36.0958891Z,4679870640,2,2,"{'lower': 7712, 'upper': 7714.75}",live-ll-30-RailHeld-639234364735137021,"{'lower': 7712, 'upper': 7714.75}",live-ll-30-RailHeld-639234364735137021,,2026-08-27T14:37:06.0884567+00:00,3,3,0,,,True,False,,state-only decision,,,,,,,,,,,
kahn,8544,2026-08-27T14:35:41.328009Z,10:35:41,policy_decision,es-2026-08-27-long-orr-7716-7726,SuppressAdd,no_add_zone,inside_no_add_zone,no-add-7716-7728,ProbeOpen,2,7727.875,PriceTouch,None,,,,,,,,,,,,,,,,,,,,,,,,,,,,,,,
kahn,8545,2026-08-27T14:35:41.328954Z,10:35:41,campaign_state,es-2026-08-27-long-orr-7716-7726,,,,,ProbeOpen,,,,,,2026-08-27T14:35:41.3289541Z,4685103513,2,2,"{'lower': 7712, 'upper': 7714.75}",live-ll-30-RailHeld-639234364735137021,"{'lower': 7712, 'upper': 7714.75}",live-ll-30-RailHeld-639234364735137021,,2026-08-27T14:37:11.3259939+00:00,3,3,0,,,True,False,,state-only decision,,,,,,,,,,,
kahn,8548,2026-08-27T14:35:46.599734Z,10:35:46,policy_decision,es-2026-08-27-long-orr-7716-7726,SuppressAdd,no_add_zone,inside_no_add_zone,no-add-7716-7728,ProbeOpen,2,7728.375,PriceTouch,None,,,,,,,,,,,,,,,,,,,,,,,,,,,,,,,
kahn,8549,2026-08-27T14:35:46.600155Z,10:35:46,campaign_state,es-2026-08-27-long-orr-7716-7726,,,,,ProbeOpen,,,,,,2026-08-27T14:35:46.6001559Z,4690374532,2,2,"{'lower': 7712, 'upper': 7714.75}",live-ll-30-RailHeld-639234364735137021,"{'lower': 7712, 'upper': 7714.75}",live-ll-30-RailHeld-639234364735137021,,2026-08-27T14:37:16.5809201+00:00,3,3,0,,,True,False,,state-only decision,,,,,,,,,,,
kahn,8552,2026-08-27T14:35:51.827564Z,10:35:51,policy_decision,es-2026-08-27-long-orr-7716-7726,SuppressAdd,no_add_zone,inside_no_add_zone,no-add-7716-7728,ProbeOpen,2,7728.625,PriceTouch,None,,,,,,,,,,,,,,,,,,,,,,,,,,,,,,,
kahn,8553,2026-08-27T14:35:51.827873Z,10:35:51,campaign_state,es-2026-08-27-long-orr-7716-7726,,,,,ProbeOpen,,,,,,2026-08-27T14:35:51.8278733Z,4695602070,2,2,"{'lower': 7712, 'upper': 7714.75}",live-ll-30-RailHeld-639234364735137021,"{'lower': 7712, 'upper': 7714.75}",live-ll-30-RailHeld-639234364735137021,,2026-08-27T14:37:21.8220611+00:00,3,3,0,,,True,False,,state-only decision,,,,,,,,,,,
kahn,8555,2026-08-27T14:35:56.836415Z,10:35:56,policy_decision,es-2026-08-27-long-orr-7716-7726,SuppressAdd,no_add_zone,inside_no_add_zone,no-add-7716-7728,ProbeOpen,2,7728.875,PriceTouch,None,,,,,,,,,,,,,,,,,,,,,,,,,,,,,,,
kahn,8556,2026-08-27T14:35:56.836865Z,10:35:56,campaign_state,es-2026-08-27-long-orr-7716-7726,,,,,ProbeOpen,,,,,,2026-08-27T14:35:56.8368655Z,4700610890,2,2,"{'lower': 7712, 'upper': 7714.75}",live-ll-30-RailHeld-639234364735137021,"{'lower': 7712, 'upper': 7714.75}",live-ll-30-RailHeld-639234364735137021,,2026-08-27T14:37:26.8308987+00:00,3,3,0,,,True,False,,state-only decision,,,,,,,,,,,
kahn,8558,2026-08-27T14:36:02.084434Z,10:36:02,policy_decision,es-2026-08-27-long-orr-7716-7726,SuppressAdd,no_add_zone,inside_no_add_zone,no-add-7716-7728,ProbeOpen,2,7728.875,PriceTouch,None,,,,,,,,,,,,,,,,,,,,,,,,,,,,,,,
kahn,8559,2026-08-27T14:36:02.084915Z,10:36:02,campaign_state,es-2026-08-27-long-orr-7716-7726,,,,,ProbeOpen,,,,,,2026-08-27T14:36:02.0849155Z,4705858760,2,2,"{'lower': 7712, 'upper': 7714.75}",live-ll-30-RailHeld-639234364735137021,"{'lower': 7712, 'upper': 7714.75}",live-ll-30-RailHeld-639234364735137021,,2026-08-27T14:37:32.0707738+00:00,3,3,0,,,True,False,,state-only decision,,,,,,,,,,,
kahn,8561,2026-08-27T14:36:06.083602Z,10:36:06,ll_transition,,,,time,,,,,,,,,,,,,,,,,,,,,,,,,,,RailFailed,7728.75,Supply,Failed,7726.5,7727.5,33.63320772011394,,,,
kahn,8562,2026-08-27T14:36:06.084057Z,10:36:06,ll_transition,,,,NoOwner,,,,,,,,,,,,,,,,,,,,,,,,,,,GreyUpdated,7728.75,Demand,NoOwner,7707.75,7727.5,644.7785743220484,,,,
kahn,8563,2026-08-27T14:36:06.084315Z,10:36:06,ll_transition,,,,Contested,,,,,,,,,,,,,,,,,,,,,,,,,,,GreyUpdated,7728.75,Demand,Contested,7707.75,7727.5,644.7785743220484,,,,
kahn,8564,2026-08-27T14:36:07.072439Z,10:36:07,policy_decision,es-2026-08-27-long-orr-7716-7726,SuppressAdd,no_add_zone,inside_no_add_zone,no-add-7716-7728,ProbeOpen,2,7728.875,PriceTouch,None,,,,,,,,,,,,,,,,,,,,,,,,,,,,,,,
kahn,8565,2026-08-27T14:36:07.072919Z,10:36:07,campaign_state,es-2026-08-27-long-orr-7716-7726,,,,,ProbeOpen,,,,,,2026-08-27T14:36:07.0729196Z,4710846591,2,2,"{'lower': 7712, 'upper': 7714.75}",live-ll-30-RailHeld-639234364735137021,"{'lower': 7712, 'upper': 7714.75}",live-ll-30-RailHeld-639234364735137021,,2026-08-27T14:37:37.0716392+00:00,3,3,0,,,True,False,,state-only decision,,,,,,,,,,,
kahn,8567,2026-08-27T14:36:12.330431Z,10:36:12,policy_decision,es-2026-08-27-long-orr-7716-7726,SuppressAdd,no_add_zone,inside_no_add_zone,no-add-7716-7728,ProbeOpen,2,7729.125,PriceTouch,None,,,,,,,,,,,,,,,,,,,,,,,,,,,,,,,
kahn,8568,2026-08-27T14:36:12.330795Z,10:36:12,campaign_state,es-2026-08-27-long-orr-7716-7726,,,,,ProbeOpen,,,,,,2026-08-27T14:36:12.3307953Z,4716104286,2,2,"{'lower': 7712, 'upper': 7714.75}",live-ll-30-RailHeld-639234364735137021,"{'lower': 7712, 'upper': 7714.75}",live-ll-30-RailHeld-639234364735137021,,2026-08-27T14:37:42.3294015+00:00,3,3,0,,,True,False,,state-only decision,,,,,,,,,,,
kahn,8570,2026-08-27T14:36:17.580198Z,10:36:17,policy_decision,es-2026-08-27-long-orr-7716-7726,SuppressAdd,no_add_zone,inside_no_add_zone,no-add-7716-7728,ProbeOpen,2,7729.125,PriceTouch,None,,,,,,,,,,,,,,,,,,,,,,,,,,,,,,,
kahn,8571,2026-08-27T14:36:17.580556Z,10:36:17,campaign_state,es-2026-08-27-long-orr-7716-7726,,,,,ProbeOpen,,,,,,2026-08-27T14:36:17.5805562Z,4721353866,2,2,"{'lower': 7712, 'upper': 7714.75}",live-ll-30-RailHeld-639234364735137021,"{'lower': 7712, 'upper': 7714.75}",live-ll-30-RailHeld-639234364735137021,,2026-08-27T14:37:47.5788855+00:00,3,3,0,,,True,False,,state-only decision,,,,,,,,,,,
kahn,8574,2026-08-27T14:36:22.845335Z,10:36:22,ll_transition,,,,,,,,,,,,,,,,,,,,,,,,,,,,,,,CandidateFormed,7729.0,,,,,,Demand,7728.5,7729.0,8.0100970805708
kahn,8575,2026-08-27T14:36:22.846232Z,10:36:22,policy_decision,es-2026-08-27-long-orr-7716-7726,SuppressAdd,no_add_zone,inside_no_add_zone,no-add-7716-7728,ProbeOpen,2,7729.125,PriceTouch,None,,,,,,,,,,,,,,,,,,,,,,,,,,,,,,,
kahn,8576,2026-08-27T14:36:22.846680Z,10:36:22,campaign_state,es-2026-08-27-long-orr-7716-7726,,,,,ProbeOpen,,,,,,2026-08-27T14:36:22.8466807Z,4726619809,2,2,"{'lower': 7712, 'upper': 7714.75}",live-ll-30-RailHeld-639234364735137021,"{'lower': 7712, 'upper': 7714.75}",live-ll-30-RailHeld-639234364735137021,,2026-08-27T14:37:52.8288909+00:00,3,3,0,,,True,False,,state-only decision,,,,,,,,,,,
kahn,8579,2026-08-27T14:36:28.070586Z,10:36:28,policy_decision,es-2026-08-27-long-orr-7716-7726,SuppressAdd,no_add_zone,inside_no_add_zone,no-add-7716-7728,ProbeOpen,2,7728.875,PriceTouch,None,,,,,,,,,,,,,,,,,,,,,,,,,,,,,,,
kahn,8580,2026-08-27T14:36:28.071142Z,10:36:28,campaign_state,es-2026-08-27-long-orr-7716-7726,,,,,ProbeOpen,,,,,,2026-08-27T14:36:28.0711420Z,4731844091,2,2,"{'lower': 7712, 'upper': 7714.75}",live-ll-30-RailHeld-639234364735137021,"{'lower': 7712, 'upper': 7714.75}",live-ll-30-RailHeld-639234364735137021,,2026-08-27T14:37:58.0681310+00:00,3,3,0,,,True,False,,state-only decision,,,,,,,,,,,
kahn,8581,2026-08-27T14:36:33.071960Z,10:36:33,policy_decision,es-2026-08-27-long-orr-7716-7726,SuppressAdd,no_add_zone,inside_no_add_zone,no-add-7716-7728,ProbeOpen,2,7728.625,PriceTouch,None,,,,,,,,,,,,,,,,,,,,,,,,,,,,,,,
kahn,8582,2026-08-27T14:36:33.072718Z,10:36:33,campaign_state,es-2026-08-27-long-orr-7716-7726,,,,,ProbeOpen,,,,,,2026-08-27T14:36:33.0727185Z,4736845495,2,2,"{'lower': 7712, 'upper': 7714.75}",live-ll-30-RailHeld-639234364735137021,"{'lower': 7712, 'upper': 7714.75}",live-ll-30-RailHeld-639234364735137021,,2026-08-27T14:38:03.0693496+00:00,3,3,0,,,True,False,,state-only decision,,,,,,,,,,,
kahn,8584,2026-08-27T14:36:38.071093Z,10:36:38,policy_decision,es-2026-08-27-long-orr-7716-7726,SuppressAdd,no_add_zone,inside_no_add_zone,no-add-7716-7728,ProbeOpen,2,7728.375,PriceTouch,None,,,,,,,,,,,,,,,,,,,,,,,,,,,,,,,
kahn,8585,2026-08-27T14:36:38.071464Z,10:36:38,campaign_state,es-2026-08-27-long-orr-7716-7726,,,,,ProbeOpen,,,,,,2026-08-27T14:36:38.0714649Z,4741844070,2,2,"{'lower': 7712, 'upper': 7714.75}",live-ll-30-RailHeld-639234364735137021,"{'lower': 7712, 'upper': 7714.75}",live-ll-30-RailHeld-639234364735137021,,2026-08-27T14:38:08.0697072+00:00,3,3,0,,,True,False,,state-only decision,,,,,,,,,,,
kahn,8587,2026-08-27T14:36:43.092589Z,10:36:43,policy_decision,es-2026-08-27-long-orr-7716-7726,SuppressAdd,no_add_zone,inside_no_add_zone,no-add-7716-7728,ProbeOpen,2,7728.875,PriceTouch,None,,,,,,,,,,,,,,,,,,,,,,,,,,,,,,,
kahn,8588,2026-08-27T14:36:43.093807Z,10:36:43,campaign_state,es-2026-08-27-long-orr-7716-7726,,,,,ProbeOpen,,,,,,2026-08-27T14:36:43.0938073Z,4746866240,2,2,"{'lower': 7712, 'upper': 7714.75}",live-ll-30-RailHeld-639234364735137021,"{'lower': 7712, 'upper': 7714.75}",live-ll-30-RailHeld-639234364735137021,,2026-08-27T14:38:13.0761118+00:00,3,3,0,,,True,False,,state-only decision,,,,,,,,,,,
kahn,8590,2026-08-27T14:36:48.324617Z,10:36:48,policy_decision,es-2026-08-27-long-orr-7716-7726,SuppressAdd,no_add_zone,inside_no_add_zone,no-add-7716-7728,ProbeOpen,2,7728.875,PriceTouch,None,,,,,,,,,,,,,,,,,,,,,,,,,,,,,,,
kahn,8591,2026-08-27T14:36:48.325475Z,10:36:48,campaign_state,es-2026-08-27-long-orr-7716-7726,,,,,ProbeOpen,,,,,,2026-08-27T14:36:48.3254756Z,4752097728,2,2,"{'lower': 7712, 'upper': 7714.75}",live-ll-30-RailHeld-639234364735137021,"{'lower': 7712, 'upper': 7714.75}",live-ll-30-RailHeld-639234364735137021,,2026-08-27T14:38:18.3212507+00:00,3,3,0,,,True,False,,state-only decision,,,,,,,,,,,
kahn,8592,2026-08-27T14:36:50.821970Z,10:36:50,ll_transition,,,,Adverse,,,,,,,,,,,,,,,,,,,,,,,,,,,CandidateDisplacementStarted,7729.5,,,,,,Supply,7723.75,7727.5,56.17953272406973
kahn,8594,2026-08-27T14:36:51.845888Z,10:36:51,ll_transition,,,,inside_threshold,,,,,,,,,,,,,,,,,,,,,,,,,,,CandidateDisplacementReset,7729.25,,,,,,Supply,7723.75,7727.5,56.17953272406973
kahn,8597,2026-08-27T14:36:58.586744Z,10:36:58,ll_transition,,,,Adverse,,,,,,,,,,,,,,,,,,,,,,,,,,,CandidateDisplacementStarted,7729.5,,,,,,Supply,7723.75,7727.5,56.17953272406973
kahn,8600,2026-08-27T14:37:08.853735Z,10:37:08,ll_transition,,,,CONSUMED,,,,,,,,,,,,,,,,,,,,,,,,,,,RailOwned,7730.5,Demand,Owned,7723.75,7727.5,56.17953272406973,Supply,7723.75,7727.5,56.17953272406973
kahn,8603,2026-08-27T14:37:19.337220Z,10:37:19,ll_transition,,,,Favor,,,,,,,,,,,,,,,,,,,,,,,,,,,CandidateDisplacementStarted,7731.5,,,,,,Demand,7728.25,7729.5,25.09089757402917
kahn,8604,2026-08-27T14:37:20.350464Z,10:37:20,ll_transition,,,,inside_threshold,,,,,,,,,,,,,,,,,,,,,,,,,,,CandidateDisplacementReset,7731.25,,,,,,Demand,7728.25,7729.5,25.09089757402917
kahn,8608,2026-08-27T14:37:29.596908Z,10:37:29,ll_transition,,,,time,,,,,,,,,,,,,,,,,,,,,,,,,,,RailFailed,7730.5,Supply,Failed,7728.0,7729.75,43.4828887540185,,,,
kahn,8609,2026-08-27T14:37:29.597876Z,10:37:29,ll_transition,,,,NoOwner,,,,,,,,,,,,,,,,,,,,,,,,,,,GreyUpdated,7730.5,Demand,NoOwner,7707.75,7729.75,688.2614630760669,,,,
kahn,8610,2026-08-27T14:37:29.598001Z,10:37:29,ll_transition,,,,Contested,,,,,,,,,,,,,,,,,,,,,,,,,,,GreyUpdated,7730.5,Demand,Contested,7707.75,7729.75,688.2614630760669,,,,
kahn,8612,2026-08-27T14:37:38.835875Z,10:37:38,ll_transition,,,,,,,,,,,,,,,,,,,,,,,,,,,,,,,CandidateFormed,7730.75,,,,,,Supply,7730.75,7730.75,8.74790935857636
kahn,8623,2026-08-27T14:38:31.087894Z,10:38:31,ll_transition,,,,Favor,,,,,,,,,,,,,,,,,,,,,,,,,,,CandidateDisplacementStarted,7728.75,,,,,,Supply,7730.75,7730.75,8.74790935857636
kahn,8624,2026-08-27T14:38:32.325308Z,10:38:32,ll_transition,,,,,,,,,,,,,,,,,,,,,,,,,,,,,,,RailTested,7728.5,Demand,Tested,7723.75,7727.5,56.17953272406973,,,,
kahn,8628,2026-08-27T14:38:42.344258Z,10:38:42,ll_transition,,,,OWNED,,,,,,,,,,,,,,,,,,,,,,,,,,,RailOwned,7728.75,Supply,Owned,7730.75,7730.75,8.74790935857636,Supply,7730.75,7730.75,8.74790935857636
kahn,8633,2026-08-27T14:38:56.082788Z,10:38:56,ll_transition,,,,,,,,,,,,,,,,,,,,,,,,,,,,,,,CandidateFormed,7728.0,,,,,,Supply,7727.75,7728.25,10.371714936099597
kahn,8642,2026-08-27T14:39:28.330604Z,10:39:28,ll_transition,,,,Adverse,,,,,,,,,,,,,,,,,,,,,,,,,,,CandidateDisplacementStarted,7726.25,,,,,,Demand,7728.25,7729.5,25.09089757402917
kahn,8643,2026-08-27T14:39:29.337753Z,10:39:29,ll_transition,,,,inside_threshold,,,,,,,,,,,,,,,,,,,,,,,,,,,CandidateDisplacementReset,7726.5,,,,,,Demand,7728.25,7729.5,25.09089757402917
kahn,8645,2026-08-27T14:39:33.843875Z,10:39:33,ll_transition,,,,Adverse,,,,,,,,,,,,,,,,,,,,,,,,,,,CandidateDisplacementStarted,7726.0,,,,,,Demand,7728.25,7729.5,25.09089757402917
kahn,8646,2026-08-27T14:39:33.856911Z,10:39:33,ll_transition,,,,,,,,,,,,,,,,,,,,,,,,,,,,,,,RailTested,7726.0,Demand,Tested,7724.75,7725.0,9.503281000382641,,,,
kahn,8647,2026-08-27T14:39:35.103630Z,10:39:35,ll_transition,,,,inside_threshold,,,,,,,,,,,,,,,,,,,,,,,,,,,CandidateDisplacementReset,7726.5,,,,,,Demand,7728.25,7729.5,25.09089757402917
kahn,8649,2026-08-27T14:39:41.360930Z,10:39:41,ll_transition,,,,Adverse,,,,,,,,,,,,,,,,,,,,,,,,,,,CandidateDisplacementStarted,7725.75,,,,,,Demand,7728.25,7729.5,25.09089757402917
kahn,8650,2026-08-27T14:39:41.361054Z,10:39:41,ll_transition,,,,Favor,,,,,,,,,,,,,,,,,,,,,,,,,,,CandidateDisplacementStarted,7725.75,,,,,,Supply,7727.75,7728.25,13.110179854026775
kahn,8653,2026-08-27T14:39:51.597518Z,10:39:51,ll_transition,,,,CONSUMED,,,,,,,,,,,,,,,,,,,,,,,,,,,RailOwned,7725.0,Supply,Owned,7728.25,7729.5,25.09089757402917,Demand,7728.25,7729.5,25.09089757402917
kahn,8654,2026-08-27T14:39:51.597711Z,10:39:51,ll_transition,,,,OWNED,,,,,,,,,,,,,,,,,,,,,,,,,,,RailOwned,7725.0,Supply,Owned,7727.75,7728.25,13.110179854026775,Supply,7727.75,7728.25,13.110179854026775
kahn,8655,2026-08-27T14:39:51.597761Z,10:39:51,ll_transition,,,,,,,,,,,,,,,,,,,,,,,,,,,,,,,RailTested,7725.0,Demand,Tested,7723.5,7724.0,11.296402235539828,,,,
kahn,8665,2026-08-27T14:40:23.843006Z,10:40:23,ll_transition,,,,,,,,,,,,,,,,,,,,,,,,,,,,,,,CandidateFormed,7726.0,,,,,,Supply,7725.75,7726.5,8.99821541527443
kahn,8667,2026-08-27T14:40:27.578459Z,10:40:27,ll_transition,,,,,,,,,,,,,,,,,,,,,,,,,,,,,,,RailHeld,7726.5,Demand,Owned,7723.5,7724.0,11.296402235539828,,,,
kahn,8669,2026-08-27T14:40:29.834608Z,10:40:29,ll_transition,,,,,,,,,,,,,,,,,,,,,,,,,,,,,,,RailTested,7726.75,Supply,Tested,7727.75,7728.25,13.110179854026775,,,,
kahn,8683,2026-08-27T14:41:31.093061Z,10:41:31,ll_transition,,,,,,,,,,,,,,,,,,,,,,,,,,,,,,,RailTested,7727.25,Supply,Tested,7728.25,7729.5,25.09089757402917,,,,
kahn,8689,2026-08-27T14:41:48.084985Z,10:41:48,ll_transition,,,,,,,,,,,,,,,,,,,,,,,,,,,,,,,RailHeld,7725.75,Supply,Owned,7728.25,7729.5,25.09089757402917,,,,
kahn,8691,2026-08-27T14:41:49.338107Z,10:41:49,ll_transition,,,,,,,,,,,,,,,,,,,,,,,,,,,,,,,RailHeld,7725.25,Supply,Owned,7727.75,7728.25,13.110179854026775,,,,
kahn,8696,2026-08-27T14:42:02.841878Z,10:42:02,ll_transition,,,,,,,,,,,,,,,,,,,,,,,,,,,,,,,RailTested,7726.75,Supply,Tested,7727.75,7728.25,13.110179854026775,,,,
kahn,8698,2026-08-27T14:42:05.340816Z,10:42:05,ll_transition,,,,,,,,,,,,,,,,,,,,,,,,,,,,,,,RailTested,7727.25,Supply,Tested,7728.25,7729.5,25.09089757402917,,,,
kahn,8701,2026-08-27T14:42:14.593880Z,10:42:14,ll_transition,,,,,,,,,,,,,,,,,,,,,,,,,,,,,,,RailHeld,7727.5,Demand,Owned,7724.75,7725.0,9.503281000382641,,,,
kahn,8705,2026-08-27T14:42:25.337578Z,10:42:25,ll_transition,,,,,,,,,,,,,,,,,,,,,,,,,,,,,,,CandidateFormed,7727.75,,,,,,Supply,7727.5,7727.75,8.161568684483388
kahn,8728,2026-08-27T14:44:12.593384Z,10:44:12,ll_transition,,,,,,,,,,,,,,,,,,,,,,,,,,,,,,,RailTested,7726.0,Demand,Tested,7724.75,7725.0,9.503281000382641,,,,
kahn,8730,2026-08-27T14:44:16.347744Z,10:44:16,ll_transition,,,,,,,,,,,,,,,,,,,,,,,,,,,,,,,RailHeld,7725.75,Supply,Owned,7728.25,7729.5,25.09089757402917,,,,
kahn,8731,2026-08-27T14:44:17.599786Z,10:44:17,ll_transition,,,,,,,,,,,,,,,,,,,,,,,,,,,,,,,CandidateFormed,7725.75,,,,,,Demand,7725.75,7725.75,8.242948737384763
kahn,8736,2026-08-27T14:44:41.348648Z,10:44:41,ll_transition,,,,,,,,,,,,,,,,,,,,,,,,,,,,,,,RailTested,7727.25,Supply,Tested,7728.25,7729.5,25.09089757402917,,,,
kahn,8737,2026-08-27T14:44:42.623492Z,10:44:42,ll_transition,,,,Favor,,,,,,,,,,,,,,,,,,,,,,,,,,,CandidateDisplacementStarted,7727.75,,,,,,Demand,7725.75,7725.75,10.870226172953462
kahn,8738,2026-08-27T14:44:42.636504Z,10:44:42,ll_transition,,,,,,,,,,,,,,,,,,,,,,,,,,,,,,,RailHeld,7727.75,Demand,Owned,7724.75,7725.0,9.503281000382641,,,,
kahn,8740,2026-08-27T14:44:46.098989Z,10:44:46,ll_transition,,,,inside_threshold,,,,,,,,,,,,,,,,,,,,,,,,,,,CandidateDisplacementReset,7727.25,,,,,,Demand,7725.75,7725.75,10.870226172953462
kahn,8742,2026-08-27T14:44:49.595262Z,10:44:49,ll_transition,,,,Favor,,,,,,,,,,,,,,,,,,,,,,,,,,,CandidateDisplacementStarted,7727.75,,,,,,Demand,7725.75,7725.75,10.870226172953462
kahn,8743,2026-08-27T14:44:50.617425Z,10:44:50,ll_transition,,,,inside_threshold,,,,,,,,,,,,,,,,,,,,,,,,,,,CandidateDisplacementReset,7727.25,,,,,,Demand,7725.75,7725.75,10.870226172953462
kahn,8749,2026-08-27T14:45:09.845608Z,10:45:09,ll_transition,,,,,,,,,,,,,,,,,,,,,,,,,,,,,,,RailTested,7726.0,Demand,Tested,7724.75,7725.0,9.503281000382641,,,,
kahn,8762,2026-08-27T14:45:58.344136Z,10:45:58,ll_transition,,,,Favor,,,,,,,,,,,,,,,,,,,,,,,,,,,CandidateDisplacementStarted,7727.75,,,,,,Demand,7725.75,7725.75,10.870226172953462
kahn,8763,2026-08-27T14:45:58.344352Z,10:45:58,ll_transition,,,,,,,,,,,,,,,,,,,,,,,,,,,,,,,RailHeld,7727.75,Demand,Owned,7724.75,7725.0,9.503281000382641,,,,
kahn,8767,2026-08-27T14:46:08.350918Z,10:46:08,ll_transition,,,,OWNED,,,,,,,,,,,,,,,,,,,,,,,,,,,RailOwned,7728.75,Demand,Owned,7725.75,7725.75,10.870226172953462,Demand,7725.75,7725.75,10.870226172953462
kahn,8774,2026-08-27T14:46:34.105737Z,10:46:34,ll_transition,,,,,,,,,,,,,,,,,,,,,,,,,,,,,,,CandidateFormed,7728.0,,,,,,Demand,7727.75,7728.0,9.283616550645645
kahn,8787,2026-08-27T14:47:17.849885Z,10:47:17,ll_transition,,,,,,,,,,,,,,,,,,,,,,,,,,,,,,,RailTested,7726.25,Demand,Tested,7725.75,7725.75,10.870226172953462,,,,
kahn,8789,2026-08-27T14:47:19.098708Z,10:47:19,ll_transition,,,,Adverse,,,,,,,,,,,,,,,,,,,,,,,,,,,CandidateDisplacementStarted,7725.75,,,,,,Demand,7727.75,7728.0,9.283616550645645
kahn,8790,2026-08-27T14:47:19.098813Z,10:47:19,ll_transition,,,,,,,,,,,,,,,,,,,,,,,,,,,,,,,RailTested,7725.75,Demand,Tested,7724.75,7725.0,9.503281000382641,,,,
kahn,8791,2026-08-27T14:47:19.098870Z,10:47:19,ll_transition,,,,,,,,,,,,,,,,,,,,,,,,,,,,,,,RailHeld,7725.75,Supply,Owned,7728.25,7729.5,25.09089757402917,,,,
kahn,8793,2026-08-27T14:47:22.601995Z,10:47:22,ll_transition,,,,,,,,,,,,,,,,,,,,,,,,,,,,,,,RailHeld,7725.25,Supply,Owned,7727.75,7728.25,13.110179854026775,,,,
kahn,8794,2026-08-27T14:47:29.617653Z,10:47:29,ll_transition,,,,CONSUMED,,,,,,,,,,,,,,,,,,,,,,,,,,,RailOwned,7725.0,Supply,Owned,7727.75,7728.0,9.283616550645645,Demand,7727.75,7728.0,9.283616550645645
kahn,8795,2026-08-27T14:47:29.617777Z,10:47:29,ll_transition,,,,,,,,,,,,,,,,,,,,,,,,,,,,,,,RailTested,7725.0,Demand,Tested,7723.5,7724.0,11.296402235539828,,,,
kahn,8798,2026-08-27T14:47:36.119922Z,10:47:36,ll_transition,,,,,,,,,,,,,,,,,,,,,,,,,,,,,,,RailHeld,7726.75,Demand,Owned,7723.5,7724.0,11.296402235539828,,,,
kahn,8799,2026-08-27T14:47:36.120198Z,10:47:36,ll_transition,,,,,,,,,,,,,,,,,,,,,,,,,,,,,,,RailTested,7726.75,Supply,Tested,7727.75,7728.25,13.110179854026775,,,,
kahn,8800,2026-08-27T14:47:36.120297Z,10:47:36,ll_transition,,,,,,,,,,,,,,,,,,,,,,,,,,,,,,,RailTested,7726.75,Supply,Tested,7727.75,7728.0,9.283616550645645,,,,
kahn,8813,2026-08-27T14:48:26.617227Z,10:48:26,ll_transition,,,,,,,,,,,,,,,,,,,,,,,,,,,,,,,RailTested,7727.25,Supply,Tested,7728.25,7729.5,25.09089757402917,,,,
kahn,8815,2026-08-27T14:48:27.861899Z,10:48:27,ll_transition,,,,,,,,,,,,,,,,,,,,,,,,,,,,,,,RailHeld,7727.5,Demand,Owned,7724.75,7725.0,9.503281000382641,,,,
kahn,8818,2026-08-27T14:48:39.595391Z,10:48:39,ll_transition,,,,,,,,,,,,,,,,,,,,,,,,,,,,,,,RailHeld,7728.25,Demand,Owned,7725.75,7725.75,10.870226172953462,,,,
kahn,8822,2026-08-27T14:48:51.852882Z,10:48:51,ll_transition,,,,,,,,,,,,,,,,,,,,,,,,,,,,,,,RailTested,7729.75,Supply,Tested,7730.75,7730.75,8.74790935857636,,,,
kahn,8823,2026-08-27T14:48:52.860374Z,10:48:52,ll_transition,,,,,,,,,,,,,,,,,,,,,,,,,,,,,,,RailHeld,7730.0,Demand,Owned,7723.75,7727.5,56.17953272406973,,,,
kahn,8825,2026-08-27T14:49:00.129023Z,10:49:00,ll_transition,,,,,,,,,,,,,,,,,,,,,,,,,,,,,,,CandidateFormed,7730.5,,,,,,Demand,7730.25,7730.5,8.659259544545383
kahn,8827,2026-08-27T14:49:03.606207Z,10:49:03,ll_transition,,,,time,,,,,,,,,,,,,,,,,,,,,,,,,,,RailFailed,7730.25,Supply,Failed,7727.75,7728.0,9.283616550645645,,,,
kahn,8828,2026-08-27T14:49:03.606357Z,10:49:03,ll_transition,,,,NoOwner,,,,,,,,,,,,,,,,,,,,,,,,,,,GreyUpdated,7730.25,Demand,NoOwner,7707.75,7729.75,697.5450796267125,,,,
kahn,8829,2026-08-27T14:49:03.606417Z,10:49:03,ll_transition,,,,Contested,,,,,,,,,,,,,,,,,,,,,,,,,,,GreyUpdated,7730.25,Demand,Contested,7707.75,7729.75,697.5450796267125,,,,
kahn,8830,2026-08-27T14:49:04.853345Z,10:49:04,ll_transition,,,,time,,,,,,,,,,,,,,,,,,,,,,,,,,,RailFailed,7730.25,Supply,Failed,7727.75,7728.25,13.110179854026775,,,,
kahn,8831,2026-08-27T14:49:04.853557Z,10:49:04,ll_transition,,,,NoOwner,,,,,,,,,,,,,,,,,,,,,,,,,,,GreyUpdated,7730.25,Demand,NoOwner,7707.75,7729.75,710.6552594807393,,,,
kahn,8832,2026-08-27T14:49:04.853631Z,10:49:04,ll_transition,,,,Contested,,,,,,,,,,,,,,,,,,,,,,,,,,,GreyUpdated,7730.25,Demand,Contested,7707.75,7729.75,710.6552594807393,,,,
kahn,8835,2026-08-27T14:49:17.356395Z,10:49:17,ll_transition,,,,time,,,,,,,,,,,,,,,,,,,,,,,,,,,RailFailed,7731.5,Supply,Failed,7728.25,7729.5,25.09089757402917,,,,
kahn,8836,2026-08-27T14:49:17.356658Z,10:49:17,ll_transition,,,,NoOwner,,,,,,,,,,,,,,,,,,,,,,,,,,,GreyUpdated,7731.5,Demand,NoOwner,7707.75,7729.75,735.7461570547686,,,,
kahn,8837,2026-08-27T14:49:17.356744Z,10:49:17,ll_transition,,,,Contested,,,,,,,,,,,,,,,,,,,,,,,,,,,GreyUpdated,7731.5,Demand,Contested,7707.75,7729.75,735.7461570547686,,,,
kahn,8838,2026-08-27T14:49:18.363987Z,10:49:18,ll_transition,,,,,,,,,,,,,,,,,,,,,,,,,,,,,,,CandidateFormed,7731.75,,,,,,Supply,7731.25,7731.75,8.805507591023474
kahn,8842,2026-08-27T14:49:31.618955Z,10:49:31,ll_transition,,,,Favor,,,,,,,,,,,,,,,,,,,,,,,,,,,CandidateDisplacementStarted,7732.5,,,,,,Demand,7730.25,7730.5,8.659259544545383
kahn,8843,2026-08-27T14:49:32.857227Z,10:49:32,ll_transition,,,,,,,,,,,,,,,,,,,,,,,,,,,,,,,FailureInvalidated,7733.0,Supply,Removed,7728.0,7730.75,52.230798112594854,,,,
kahn,8845,2026-08-27T14:49:33.860675Z,10:49:33,ll_transition,,,,Adverse,,,,,,,,,,,,,,,,,,,,,,,,,,,CandidateDisplacementStarted,7733.75,,,,,,Supply,7731.25,7731.75,20.975899722483483
kahn,8846,2026-08-27T14:49:34.876266Z,10:49:34,ll_transition,,,,inside_threshold,,,,,,,,,,,,,,,,,,,,,,,,,,,CandidateDisplacementReset,7733.25,,,,,,Supply,7731.25,7731.75,20.975899722483483
kahn,8848,2026-08-27T14:49:39.362709Z,10:49:39,ll_transition,,,,Adverse,,,,,,,,,,,,,,,,,,,,,,,,,,,CandidateDisplacementStarted,7733.75,,,,,,Supply,7731.25,7731.75,20.975899722483483
kahn,8850,2026-08-27T14:49:40.359234Z,10:49:40,ll_transition,,,,inside_threshold,,,,,,,,,,,,,,,,,,,,,,,,,,,CandidateDisplacementReset,7733.5,,,,,,Supply,7731.25,7731.75,20.975899722483483
kahn,8851,2026-08-27T14:49:41.618250Z,10:49:41,ll_transition,,,,,,,,,,,,,,,,,,,,,,,,,,,,,,,CandidateFormed,7733.75,,,,,,Demand,7733.75,7733.75,9.345525754739576
kahn,8852,2026-08-27T14:49:41.618481Z,10:49:41,ll_transition,,,,Adverse,,,,,,,,,,,,,,,,,,,,,,,,,,,CandidateDisplacementStarted,7733.75,,,,,,Supply,7731.25,7731.75,20.975899722483483
kahn,8853,2026-08-27T14:49:42.610900Z,10:49:42,ll_transition,,,,OWNED,,,,,,,,,,,,,,,,,,,,,,,,,,,RailOwned,7733.75,Demand,Owned,7730.25,7730.5,8.659259544545383,Demand,7730.25,7730.5,8.659259544545383
kahn,8856,2026-08-27T14:49:47.361155Z,10:49:47,ll_transition,,,,time,,,,,,,,,,,,,,,,,,,,,,,,,,,RailFailed,7733.75,Supply,Failed,7730.75,7730.75,8.74790935857636,,,,
kahn,8857,2026-08-27T14:49:47.361431Z,10:49:47,ll_transition,,,,NoOwner,,,,,,,,,,,,,,,,,,,,,,,,,,,GreyUpdated,7733.75,Demand,NoOwner,7707.75,7730.75,744.494066413345,,,,
kahn,8858,2026-08-27T14:49:47.361484Z,10:49:47,ll_transition,,,,Contested,,,,,,,,,,,,,,,,,,,,,,,,,,,GreyUpdated,7733.75,Demand,Contested,7707.75,7730.75,744.494066413345,,,,
kahn,8860,2026-08-27T14:49:51.856023Z,10:49:51,ll_transition,,,,CONSUMED,,,,,,,,,,,,,,,,,,,,,,,,,,,RailOwned,7734.25,Demand,Owned,7731.25,7731.75,20.975899722483483,Supply,7731.25,7731.75,20.975899722483483
kahn,8863,2026-08-27T14:50:03.109135Z,10:50:03,ll_transition,,,,,,,,,,,,,,,,,,,,,,,,,,,,,,,RailTested,7732.75,Demand,Tested,7731.25,7731.75,20.975899722483483,,,,
kahn,8873,2026-08-27T14:50:39.381275Z,10:50:39,ll_transition,,,,,,,,,,,,,,,,,,,,,,,,,,,,,,,RailHeld,7734.25,Demand,Owned,7731.25,7731.75,20.975899722483483,,,,
kahn,8877,2026-08-27T14:50:47.364754Z,10:50:47,ll_transition,,,,,,,,,,,,,,,,,,,,,,,,,,,,,,,CandidateFormed,7733.75,,,,,,Supply,7733.0,7734.25,11.062693280268117
kahn,8884,2026-08-27T14:51:07.365221Z,10:51:07,ll_transition,,,,,,,,,,,,,,,,,,,,,,,,,,,,,,,RailTested,7732.5,Demand,Tested,7731.25,7731.75,20.975899722483483,,,,
kahn,8894,2026-08-27T14:51:34.116922Z,10:51:34,ll_transition,,,,,,,,,,,,,,,,,,,,,,,,,,,,,,,CandidateFormed,7732.25,,,,,,Demand,7732.25,7732.5,8.445766051766238
kahn,8902,2026-08-27T14:52:13.357432Z,10:52:13,ll_transition,,,,Adverse,,,,,,,,,,,,,,,,,,,,,,,,,,,CandidateDisplacementStarted,7731.75,,,,,,Demand,7733.75,7733.75,15.069985850173495
kahn,8904,2026-08-27T14:52:16.850549Z,10:52:16,ll_transition,,,,inside_threshold,,,,,,,,,,,,,,,,,,,,,,,,,,,CandidateDisplacementReset,7732.0,,,,,,Demand,7733.75,7733.75,15.069985850173495
kahn,8909,2026-08-27T14:52:32.621417Z,10:52:32,ll_transition,,,,,,,,,,,,,,,,,,,,,,,,,,,,,,,RailHeld,7734.25,Demand,Owned,7731.25,7731.75,20.975899722483483,,,,
kahn,8912,2026-08-27T14:52:38.622835Z,10:52:38,ll_transition,,,,Favor,,,,,,,,,,,,,,,,,,,,,,,,,,,CandidateDisplacementStarted,7734.75,,,,,,Demand,7731.75,7732.5,22.68563269823117
kahn,8916,2026-08-27T14:52:46.620470Z,10:52:46,ll_transition,,,,Favor,,,,,,,,,,,,,,,,,,,,,,,,,,,CandidateDisplacementStarted,7735.75,,,,,,Demand,7733.75,7733.75,15.069985850173495
kahn,8917,2026-08-27T14:52:47.624010Z,10:52:47,ll_transition,,,,inside_threshold,,,,,,,,,,,,,,,,,,,,,,,,,,,CandidateDisplacementReset,7735.5,,,,,,Demand,7733.75,7733.75,15.069985850173495
kahn,8918,2026-08-27T14:52:48.877199Z,10:52:48,ll_transition,,,,OWNED,,,,,,,,,,,,,,,,,,,,,,,,,,,RailOwned,7735.5,Demand,Owned,7731.75,7732.5,22.68563269823117,Demand,7731.75,7732.5,22.68563269823117
kahn,8926,2026-08-27T14:53:19.878456Z,10:53:19,ll_transition,,,,,,,,,,,,,,,,,,,,,,,,,,,,,,,RailTested,7733.5,Demand,Tested,7731.75,7732.5,22.68563269823117,,,,
kahn,8929,2026-08-27T14:53:27.608439Z,10:53:27,ll_transition,,,,,,,,,,,,,,,,,,,,,,,,,,,,,,,CandidateFormed,7733.0,,,,,,Demand,7733.0,7733.25,11.58976539451157
kahn,8931,2026-08-27T14:53:28.630314Z,10:53:28,ll_transition,,,,,,,,,,,,,,,,,,,,,,,,,,,,,,,RailTested,7732.5,Demand,Tested,7731.25,7731.75,20.975899722483483,,,,
kahn,8936,2026-08-27T14:53:41.370941Z,10:53:41,ll_transition,,,,Adverse,,,,,,,,,,,,,,,,,,,,,,,,,,,CandidateDisplacementStarted,7731.75,,,,,,Demand,7733.75,7733.75,15.069985850173495
kahn,8937,2026-08-27T14:53:42.611919Z,10:53:42,ll_transition,,,,,,,,,,,,,,,,,,,,,,,,,,,,,,,RailTested,7731.5,Demand,Tested,7730.25,7730.5,8.659259544545383,,,,
kahn,8939,2026-08-27T14:53:47.386097Z,10:53:47,ll_transition,,,,Favor,,,,,,,,,,,,,,,,,,,,,,,,,,,CandidateDisplacementStarted,7730.5,,,,,,Supply,7732.5,7734.75,52.530107924455116
kahn,8941,2026-08-27T14:53:49.854707Z,10:53:49,ll_transition,,,,Adverse,,,,,,,,,,,,,,,,,,,,,,,,,,,CandidateDisplacementStarted,7730.25,,,,,,Demand,7732.25,7733.25,30.12201913263154
kahn,8942,2026-08-27T14:53:50.857758Z,10:53:50,ll_transition,,,,inside_threshold,,,,,,,,,,,,,,,,,,,,,,,,,,,CandidateDisplacementReset,7730.75,,,,,,Supply,7732.5,7734.75,52.530107924455116
kahn,8943,2026-08-27T14:53:50.857863Z,10:53:50,ll_transition,,,,inside_threshold,,,,,,,,,,,,,,,,,,,,,,,,,,,CandidateDisplacementReset,7730.75,,,,,,Demand,7732.25,7733.25,30.12201913263154
kahn,8957,2026-08-27T14:54:51.867599Z,10:54:51,ll_transition,,,,,,,,,,,,,,,,,,,,,,,,,,,,,,,RailHeld,7733.0,Demand,Owned,7730.25,7730.5,8.659259544545383,,,,
kahn,8966,2026-08-27T14:55:31.365523Z,10:55:31,ll_transition,,,,,,,,,,,,,,,,,,,,,,,,,,,,,,,RailTested,7731.5,Demand,Tested,7730.25,7730.5,8.659259544545383,,,,
kahn,8968,2026-08-27T14:55:35.870174Z,10:55:35,ll_transition,,,,,,,,,,,,,,,,,,,,,,,,,,,,,,,CandidateFormed,7730.25,,,,,,Demand,7730.25,7731.0,9.440398171538284
kahn,8970,2026-08-27T14:55:38.363825Z,10:55:38,ll_transition,,,,Adverse,,,,,,,,,,,,,,,,,,,,,,,,,,,CandidateDisplacementStarted,7730.0,,,,,,Demand,7732.0,7733.25,41.20965163006938
kahn,8971,2026-08-27T14:55:39.365846Z,10:55:39,ll_transition,,,,inside_threshold,,,,,,,,,,,,,,,,,,,,,,,,,,,CandidateDisplacementReset,7730.5,,,,,,Demand,7732.0,7733.25,41.20965163006938
kahn,8973,2026-08-27T14:55:42.620162Z,10:55:42,ll_transition,,,,Adverse,,,,,,,,,,,,,,,,,,,,,,,,,,,CandidateDisplacementStarted,7730.0,,,,,,Demand,7732.0,7733.25,41.20965163006938
kahn,8975,2026-08-27T14:55:43.622857Z,10:55:43,ll_transition,,,,,,,,,,,,,,,,,,,,,,,,,,,,,,,CandidateFormed,7729.75,,,,,,Supply,7729.75,7730.5,10.096285438362061
kahn,8978,2026-08-27T14:55:52.639699Z,10:55:52,ll_transition,,,,CONSUMED,,,,,,,,,,,,,,,,,,,,,,,,,,,RailOwned,7729.75,Supply,Owned,7732.0,7733.25,41.20965163006938,Demand,7732.0,7733.25,41.20965163006938
kahn,8979,2026-08-27T14:55:52.639869Z,10:55:52,ll_transition,,,,time,,,,,,,,,,,,,,,,,,,,,,,,,,,RailFailed,7729.75,Demand,Failed,7731.75,7732.5,22.68563269823117,,,,
kahn,8980,2026-08-27T14:55:52.639903Z,10:55:52,ll_transition,,,,NoOwner,,,,,,,,,,,,,,,,,,,,,,,,,,,GreyUpdated,7729.75,Demand,NoOwner,7707.75,7732.5,767.1796991115762,,,,
kahn,8981,2026-08-27T14:55:52.639934Z,10:55:52,ll_transition,,,,Contested,,,,,,,,,,,,,,,,,,,,,,,,,,,GreyUpdated,7729.75,Demand,Contested,7707.75,7732.5,767.1796991115762,,,,
kahn,8983,2026-08-27T14:55:54.903058Z,10:55:54,ll_transition,,,,time,,,,,,,,,,,,,,,,,,,,,,,,,,,RailFailed,7729.5,Demand,Failed,7731.25,7731.75,20.975899722483483,,,,
kahn,8984,2026-08-27T14:55:54.904085Z,10:55:54,ll_transition,,,,NoOwner,,,,,,,,,,,,,,,,,,,,,,,,,,,GreyUpdated,7729.5,Demand,NoOwner,7707.75,7732.5,788.1555988340597,,,,
kahn,8985,2026-08-27T14:55:54.904206Z,10:55:54,ll_transition,,,,Contested,,,,,,,,,,,,,,,,,,,,,,,,,,,GreyUpdated,7729.5,Demand,Contested,7707.75,7732.5,788.1555988340597,,,,
kahn,8986,2026-08-27T14:55:56.122366Z,10:55:56,ll_transition,,,,Favor,,,,,,,,,,,,,,,,,,,,,,,,,,,CandidateDisplacementStarted,7729.0,,,,,,Supply,7731.0,7734.75,71.6515605512991
kahn,8988,2026-08-27T14:55:58.625618Z,10:55:58,ll_transition,,,,inside_threshold,,,,,,,,,,,,,,,,,,,,,,,,,,,CandidateDisplacementReset,7729.5,,,,,,Supply,7731.0,7734.75,71.6515605512991
kahn,8994,2026-08-27T14:56:28.873399Z,10:56:28,ll_transition,,,,,,,,,,,,,,,,,,,,,,,,,,,,,,,RailTested,7731.0,Supply,Tested,7732.0,7733.25,41.20965163006938,,,,
kahn,9002,2026-08-27T14:56:52.170835Z,10:56:52,ll_transition,,,,,,,,,,,,,,,,,,,,,,,,,,,,,,,RailHeld,7729.5,Supply,Owned,7732.0,7733.25,41.20965163006938,,,,
kahn,9010,2026-08-27T14:57:19.617512Z,10:57:19,ll_transition,,,,,,,,,,,,,,,,,,,,,,,,,,,,,,,RailTested,7731.25,Supply,Tested,7732.0,7733.25,41.20965163006938,,,,
kahn,9013,2026-08-27T14:57:27.378791Z,10:57:27,ll_transition,,,,Adverse,,,,,,,,,,,,,,,,,,,,,,,,,,,CandidateDisplacementStarted,7732.5,,,,,,Supply,7729.5,7730.5,16.493796421825547
kahn,9015,2026-08-27T14:57:28.631933Z,10:57:28,ll_transition,,,,inside_threshold,,,,,,,,,,,,,,,,,,,,,,,,,,,CandidateDisplacementReset,7732.25,,,,,,Supply,7729.5,7730.5,16.493796421825547
kahn,9029,2026-08-27T14:58:40.374430Z,10:58:40,ll_transition,,,,Adverse,,,,,,,,,,,,,,,,,,,,,,,,,,,CandidateDisplacementStarted,7732.5,,,,,,Supply,7729.5,7730.5,16.493796421825547
kahn,9032,2026-08-27T14:58:46.381802Z,10:58:46,ll_transition,,,,Favor,,,,,,,,,,,,,,,,,,,,,,,,,,,CandidateDisplacementStarted,7733.0,,,,,,Demand,7729.25,7731.0,23.009462913159396
kahn,9033,2026-08-27T14:58:46.381936Z,10:58:46,ll_transition,,,,,,,,,,,,,,,,,,,,,,,,,,,,,,,RailHeld,7733.0,Demand,Owned,7730.25,7730.5,8.659259544545383,,,,
kahn,9034,2026-08-27T14:58:47.666971Z,10:58:47,ll_transition,,,,inside_threshold,,,,,,,,,,,,,,,,,,,,,,,,,,,CandidateDisplacementReset,7732.75,,,,,,Demand,7729.25,7731.0,23.009462913159396
kahn,9035,2026-08-27T14:58:48.890124Z,10:58:48,ll_transition,,,,Favor,,,,,,,,,,,,,,,,,,,,,,,,,,,CandidateDisplacementStarted,7733.0,,,,,,Demand,7729.25,7731.0,23.009462913159396
kahn,9036,2026-08-27T14:58:51.374924Z,10:58:51,ll_transition,,,,CONSUMED,,,,,,,,,,,,,,,,,,,,,,,,,,,RailOwned,7733.0,Demand,Owned,7729.5,7730.5,16.493796421825547,Supply,7729.5,7730.5,16.493796421825547
kahn,9037,2026-08-27T14:58:53.628429Z,10:58:53,ll_transition,,,,inside_threshold,,,,,,,,,,,,,,,,,,,,,,,,,,,CandidateDisplacementReset,7732.75,,,,,,Demand,7729.25,7731.0,23.009462913159396
kahn,9038,2026-08-27T14:58:54.631287Z,10:58:54,ll_transition,,,,Favor,,,,,,,,,,,,,,,,,,,,,,,,,,,CandidateDisplacementStarted,7733.0,,,,,,Demand,7729.25,7731.0,23.009462913159396
kahn,9042,2026-08-27T14:59:05.416488Z,10:59:05,ll_transition,,,,OWNED,,,,,,,,,,,,,,,,,,,,,,,,,,,RailOwned,7734.25,Demand,Owned,7729.25,7731.0,23.009462913159396,Demand,7729.25,7731.0,23.009462913159396
kahn,9048,2026-08-27T14:59:24.869947Z,10:59:24,ll_transition,,,,time,,,,,,,,,,,,,,,,,,,,,,,,,,,RailFailed,7735.0,Supply,Failed,7732.0,7733.25,41.20965163006938,,,,
kahn,9049,2026-08-27T14:59:24.870054Z,10:59:24,ll_transition,,,,NoOwner,,,,,,,,,,,,,,,,,,,,,,,,,,,GreyUpdated,7735.0,Demand,NoOwner,7707.75,7733.25,829.3652504641291,,,,
kahn,9050,2026-08-27T14:59:24.870074Z,10:59:24,ll_transition,,,,Contested,,,,,,,,,,,,,,,,,,,,,,,,,,,GreyUpdated,7735.0,Demand,Contested,7707.75,7733.25,829.3652504641291,,,,
kahn,9053,2026-08-27T14:59:33.134220Z,10:59:33,ll_transition,,,,,,,,,,,,,,,,,,,,,,,,,,,,,,,CandidateFormed,7734.25,,,,,,Supply,7734.25,7734.5,9.008212177561088
kahn,9062,2026-08-27T15:00:05.637823Z,11:00:05,ll_transition,,,,,,,,,,,,,,,,,,,,,,,,,,,,,,,CandidateFormed,7734.5,,,,,,Demand,7734.5,7734.5,10.824272648990144
kahn,9070,2026-08-27T15:00:35.124192Z,11:00:35,ll_transition,,,,,,,,,,,,,,,,,,,,,,,,,,,,,,,CandidateFormed,7736.0,,,,,,Supply,7735.75,7736.0,8.435820868112181
kahn,9076,2026-08-27T15:00:52.123229Z,11:00:52,ll_transition,,,,Adverse,,,,,,,,,,,,,,,,,,,,,,,,,,,CandidateDisplacementStarted,7736.5,,,,,,Supply,7734.25,7734.5,14.181883744683347
kahn,9077,2026-08-27T15:00:52.123318Z,11:00:52,ll_transition,,,,Favor,,,,,,,,,,,,,,,,,,,,,,,,,,,CandidateDisplacementStarted,7736.5,,,,,,Demand,7734.25,7734.5,19.575336283719807
kahn,9078,2026-08-27T15:01:01.382296Z,11:01:01,ll_transition,,,,inside_threshold,,,,,,,,,,,,,,,,,,,,,,,,,,,CandidateDisplacementReset,7736.25,,,,,,Supply,7734.25,7734.5,14.181883744683347
kahn,9079,2026-08-27T15:01:01.382378Z,11:01:01,ll_transition,,,,inside_threshold,,,,,,,,,,,,,,,,,,,,,,,,,,,CandidateDisplacementReset,7736.25,,,,,,Demand,7734.25,7734.5,19.575336283719807
kahn,9080,2026-08-27T15:01:03.387786Z,11:01:03,ll_transition,,,,Adverse,,,,,,,,,,,,,,,,,,,,,,,,,,,CandidateDisplacementStarted,7736.5,,,,,,Supply,7734.25,7734.5,14.181883744683347
kahn,9081,2026-08-27T15:01:03.387904Z,11:01:03,ll_transition,,,,Favor,,,,,,,,,,,,,,,,,,,,,,,,,,,CandidateDisplacementStarted,7736.5,,,,,,Demand,7734.25,7734.5,19.575336283719807
kahn,9083,2026-08-27T15:01:04.628286Z,11:01:04,ll_transition,,,,inside_threshold,,,,,,,,,,,,,,,,,,,,,,,,,,,CandidateDisplacementReset,7736.25,,,,,,Supply,7734.25,7734.5,14.181883744683347
kahn,9084,2026-08-27T15:01:04.628477Z,11:01:04,ll_transition,,,,inside_threshold,,,,,,,,,,,,,,,,,,,,,,,,,,,CandidateDisplacementReset,7736.25,,,,,,Demand,7734.25,7734.5,19.575336283719807
kahn,9085,2026-08-27T15:01:11.642782Z,11:01:11,ll_transition,,,,Adverse,,,,,,,,,,,,,,,,,,,,,,,,,,,CandidateDisplacementStarted,7736.5,,,,,,Supply,7734.25,7734.5,14.181883744683347
kahn,9086,2026-08-27T15:01:11.643212Z,11:01:11,ll_transition,,,,Favor,,,,,,,,,,,,,,,,,,,,,,,,,,,CandidateDisplacementStarted,7736.5,,,,,,Demand,7734.25,7734.5,19.575336283719807
kahn,9087,2026-08-27T15:01:12.880579Z,11:01:12,ll_transition,,,,inside_threshold,,,,,,,,,,,,,,,,,,,,,,,,,,,CandidateDisplacementReset,7736.25,,,,,,Supply,7734.25,7734.5,14.181883744683347
kahn,9088,2026-08-27T15:01:12.880679Z,11:01:12,ll_transition,,,,inside_threshold,,,,,,,,,,,,,,,,,,,,,,,,,,,CandidateDisplacementReset,7736.25,,,,,,Demand,7734.25,7734.5,19.575336283719807
kahn,9089,2026-08-27T15:01:21.140082Z,11:01:21,ll_transition,,,,Adverse,,,,,,,,,,,,,,,,,,,,,,,,,,,CandidateDisplacementStarted,7736.5,,,,,,Supply,7734.25,7734.5,14.181883744683347
kahn,9090,2026-08-27T15:01:21.140210Z,11:01:21,ll_transition,,,,Favor,,,,,,,,,,,,,,,,,,,,,,,,,,,CandidateDisplacementStarted,7736.5,,,,,,Demand,7734.25,7734.5,19.575336283719807
kahn,9093,2026-08-27T15:01:32.379519Z,11:01:32,ll_transition,,,,CONSUMED,,,,,,,,,,,,,,,,,,,,,,,,,,,RailOwned,7736.75,Demand,Owned,7734.25,7734.5,14.181883744683347,Supply,7734.25,7734.5,14.181883744683347
kahn,9094,2026-08-27T15:01:32.379677Z,11:01:32,ll_transition,,,,OWNED,,,,,,,,,,,,,,,,,,,,,,,,,,,RailOwned,7736.75,Demand,Owned,7734.25,7734.5,19.575336283719807,Demand,7734.25,7734.5,19.575336283719807
kahn,9121,2026-08-27T15:03:24.380689Z,11:03:24,ll_transition,,,,,,,,,,,,,,,,,,,,,,,,,,,,,,,CandidateFormed,7735.5,,,,,,Demand,7735.5,7736.25,8.111684320623429
kahn,9122,2026-08-27T15:03:24.380802Z,11:03:24,ll_transition,,,,,,,,,,,,,,,,,,,,,,,,,,,,,,,RailTested,7735.5,Demand,Tested,7734.25,7734.5,14.181883744683347,,,,
kahn,9123,2026-08-27T15:03:24.380859Z,11:03:24,ll_transition,,,,,,,,,,,,,,,,,,,,,,,,,,,,,,,RailTested,7735.5,Demand,Tested,7734.25,7734.5,19.575336283719807,,,,
kahn,9135,2026-08-27T15:03:58.138312Z,11:03:58,ll_transition,,,,Favor,,,,,,,,,,,,,,,,,,,,,,,,,,,CandidateDisplacementStarted,7733.75,,,,,,Supply,7735.75,7737.75,32.08997122193672
kahn,9136,2026-08-27T15:03:59.134866Z,11:03:59,ll_transition,,,,inside_threshold,,,,,,,,,,,,,,,,,,,,,,,,,,,CandidateDisplacementReset,7734.0,,,,,,Supply,7735.75,7737.75,32.08997122193672
kahn,9145,2026-08-27T15:04:26.893710Z,11:04:26,ll_transition,,,,,,,,,,,,,,,,,,,,,,,,,,,,,,,RailHeld,7737.0,Demand,Owned,7734.25,7734.5,14.181883744683347,,,,
kahn,9146,2026-08-27T15:04:26.893986Z,11:04:26,ll_transition,,,,,,,,,,,,,,,,,,,,,,,,,,,,,,,RailHeld,7737.0,Demand,Owned,7734.25,7734.5,19.575336283719807,,,,
kahn,9155,2026-08-27T15:05:08.888344Z,11:05:08,ll_transition,,,,Favor,,,,,,,,,,,,,,,,,,,,,,,,,,,CandidateDisplacementStarted,7738.25,,,,,,Demand,7734.25,7736.25,48.05929452443015
kahn,9157,2026-08-27T15:05:14.883032Z,11:05:14,ll_transition,,,,inside_threshold,,,,,,,,,,,,,,,,,,,,,,,,,,,CandidateDisplacementReset,7738.0,,,,,,Demand,7734.25,7736.25,48.05929452443015
kahn,9163,2026-08-27T15:05:32.396876Z,11:05:32,ll_transition,,,,,,,,,,,,,,,,,,,,,,,,,,,,,,,CandidateFormed,7737.25,,,,,,Demand,7737.25,7738.0,8.657958821486831
kahn,9166,2026-08-27T15:05:36.885115Z,11:05:36,ll_transition,,,,Favor,,,,,,,,,,,,,,,,,,,,,,,,,,,CandidateDisplacementStarted,7738.25,,,,,,Demand,7734.25,7736.25,48.05929452443015
kahn,9167,2026-08-27T15:05:37.890428Z,11:05:37,ll_transition,,,,inside_threshold,,,,,,,,,,,,,,,,,,,,,,,,,,,CandidateDisplacementReset,7737.75,,,,,,Demand,7734.25,7736.25,48.05929452443015
kahn,9189,2026-08-27T15:07:18.647450Z,11:07:18,ll_transition,,,,,,,,,,,,,,,,,,,,,,,,,,,,,,,CandidateFormed,7736.5,,,,,,Supply,7736.25,7736.5,8.026310146030035
kahn,9194,2026-08-27T15:07:35.389047Z,11:07:35,ll_transition,,,,,,,,,,,,,,,,,,,,,,,,,,,,,,,RailTested,7735.5,Demand,Tested,7734.25,7734.5,14.181883744683347,,,,
kahn,9195,2026-08-27T15:07:35.389201Z,11:07:35,ll_transition,,,,,,,,,,,,,,,,,,,,,,,,,,,,,,,RailTested,7735.5,Demand,Tested,7734.25,7734.5,19.575336283719807,,,,
kahn,9213,2026-08-27T15:09:02.389507Z,11:09:02,ll_transition,,,,,,,,,,,,,,,,,,,,,,,,,,,,,,,CandidateFormed,7736.25,,,,,,Supply,7736.0,7736.25,8.05540149677584
kahn,9224,2026-08-27T15:09:56.152474Z,11:09:56,ll_transition,,,,,,,,,,,,,,,,,,,,,,,,,,,,,,,RailHeld,7737.25,Demand,Owned,7734.25,7734.5,14.181883744683347,,,,
kahn,9225,2026-08-27T15:09:56.152636Z,11:09:56,ll_transition,,,,,,,,,,,,,,,,,,,,,,,,,,,,,,,RailHeld,7737.25,Demand,Owned,7734.25,7734.5,19.575336283719807,,,,
kahn,9264,2026-08-27T15:12:57.658588Z,11:12:57,ll_transition,,,,,,,,,,,,,,,,,,,,,,,,,,,,,,,CandidateFormed,7736.75,,,,,,Demand,7736.75,7737.25,9.34647937157856
kahn,9286,2026-08-27T15:14:29.402208Z,11:14:29,ll_transition,,,,Favor,,,,,,,,,,,,,,,,,,,,,,,,,,,CandidateDisplacementStarted,7739.25,,,,,,Demand,7736.75,7737.25,9.34647937157856
kahn,9289,2026-08-27T15:14:39.407898Z,11:14:39,ll_transition,,,,OWNED,,,,,,,,,,,,,,,,,,,,,,,,,,,RailOwned,7739.75,Demand,Owned,7736.75,7737.25,9.34647937157856,Demand,7736.75,7737.25,9.34647937157856
kahn,9291,2026-08-27T15:14:54.403746Z,11:14:54,ll_transition,,,,,,,,,,,,,,,,,,,,,,,,,,,,,,,CandidateFormed,7739.75,,,,,,Demand,7739.75,7740.0,8.785357981676565
kahn,9297,2026-08-27T15:15:33.406480Z,11:15:33,ll_transition,,,,,,,,,,,,,,,,,,,,,,,,,,,,,,,CandidateFormed,7741.5,,,,,,Demand,7741.0,7741.5,8.878385327068335
kahn,9299,2026-08-27T15:15:38.403000Z,11:15:38,ll_transition,,,,Adverse,,,,,,,,,,,,,,,,,,,,,,,,,,,CandidateDisplacementStarted,7741.75,,,,,,Supply,7736.0,7739.75,74.0058068969735
kahn,9301,2026-08-27T15:15:39.670140Z,11:15:39,ll_transition,,,,Favor,,,,,,,,,,,,,,,,,,,,,,,,,,,CandidateDisplacementStarted,7742.0,,,,,,Demand,7739.75,7740.0,19.169166356782892
kahn,9302,2026-08-27T15:15:40.915485Z,11:15:40,ll_transition,,,,inside_threshold,,,,,,,,,,,,,,,,,,,,,,,,,,,CandidateDisplacementReset,7741.75,,,,,,Demand,7739.75,7740.0,19.169166356782892
kahn,9303,2026-08-27T15:15:42.160051Z,11:15:42,ll_transition,,,,inside_threshold,,,,,,,,,,,,,,,,,,,,,,,,,,,CandidateDisplacementReset,7741.5,,,,,,Supply,7736.0,7739.75,74.0058068969735
kahn,9305,2026-08-27T15:15:47.661073Z,11:15:47,ll_transition,,,,Adverse,,,,,,,,,,,,,,,,,,,,,,,,,,,CandidateDisplacementStarted,7741.75,,,,,,Supply,7736.0,7739.75,74.0058068969735
kahn,9307,2026-08-27T15:15:48.900417Z,11:15:48,ll_transition,,,,inside_threshold,,,,,,,,,,,,,,,,,,,,,,,,,,,CandidateDisplacementReset,7741.5,,,,,,Supply,7736.0,7739.75,74.0058068969735
kahn,9311,2026-08-27T15:16:03.906354Z,11:16:03,ll_transition,,,,Adverse,,,,,,,,,,,,,,,,,,,,,,,,,,,CandidateDisplacementStarted,7741.75,,,,,,Supply,7736.0,7739.75,74.0058068969735
kahn,9312,2026-08-27T15:16:08.903436Z,11:16:08,ll_transition,,,,Favor,,,,,,,,,,,,,,,,,,,,,,,,,,,CandidateDisplacementStarted,7742.25,,,,,,Demand,7739.75,7740.0,19.169166356782892
kahn,9315,2026-08-27T15:16:14.413184Z,11:16:14,ll_transition,,,,CONSUMED,,,,,,,,,,,,,,,,,,,,,,,,,,,RailOwned,7742.25,Demand,Owned,7736.0,7739.75,74.0058068969735,Supply,7736.0,7739.75,74.0058068969735
kahn,9317,2026-08-27T15:16:17.939661Z,11:16:17,ll_transition,,,,inside_threshold,,,,,,,,,,,,,,,,,,,,,,,,,,,CandidateDisplacementReset,7741.75,,,,,,Demand,7739.75,7740.0,19.169166356782892
kahn,9319,2026-08-27T15:16:19.154369Z,11:16:19,ll_transition,,,,Favor,,,,,,,,,,,,,,,,,,,,,,,,,,,CandidateDisplacementStarted,7742.0,,,,,,Demand,7739.75,7740.0,19.169166356782892
kahn,9321,2026-08-27T15:16:30.155742Z,11:16:30,ll_transition,,,,inside_threshold,,,,,,,,,,,,,,,,,,,,,,,,,,,CandidateDisplacementReset,7741.75,,,,,,Demand,7739.75,7740.0,19.169166356782892
kahn,9323,2026-08-27T15:16:32.164016Z,11:16:32,ll_transition,,,,Favor,,,,,,,,,,,,,,,,,,,,,,,,,,,CandidateDisplacementStarted,7742.0,,,,,,Demand,7739.75,7740.0,19.169166356782892
kahn,9325,2026-08-27T15:16:34.670685Z,11:16:34,ll_transition,,,,inside_threshold,,,,,,,,,,,,,,,,,,,,,,,,,,,CandidateDisplacementReset,7741.75,,,,,,Demand,7739.75,7740.0,19.169166356782892
kahn,9328,2026-08-27T15:16:50.915772Z,11:16:50,ll_transition,,,,Favor,,,,,,,,,,,,,,,,,,,,,,,,,,,CandidateDisplacementStarted,7742.0,,,,,,Demand,7739.75,7740.0,19.169166356782892
kahn,9329,2026-08-27T15:16:52.193412Z,11:16:52,ll_transition,,,,inside_threshold,,,,,,,,,,,,,,,,,,,,,,,,,,,CandidateDisplacementReset,7741.75,,,,,,Demand,7739.75,7740.0,19.169166356782892
kahn,9330,2026-08-27T15:16:59.169800Z,11:16:59,ll_transition,,,,Favor,,,,,,,,,,,,,,,,,,,,,,,,,,,CandidateDisplacementStarted,7742.0,,,,,,Demand,7739.75,7740.0,19.169166356782892
kahn,9334,2026-08-27T15:17:09.417541Z,11:17:09,ll_transition,,,,OWNED,,,,,,,,,,,,,,,,,,,,,,,,,,,RailOwned,7742.25,Demand,Owned,7739.75,7740.0,19.169166356782892,Demand,7739.75,7740.0,19.169166356782892
kahn,9336,2026-08-27T15:17:23.171239Z,11:17:23,ll_transition,,,,,,,,,,,,,,,,,,,,,,,,,,,,,,,CandidateFormed,7742.0,,,,,,Supply,7742.0,7742.25,12.038083394003905
kahn,9346,2026-08-27T15:18:21.156421Z,11:18:21,ll_transition,,,,,,,,,,,,,,,,,,,,,,,,,,,,,,,RailTested,7741.0,Demand,Tested,7739.75,7740.0,19.169166356782892,,,,
kahn,9354,2026-08-27T15:18:59.911679Z,11:18:59,ll_transition,,,,,,,,,,,,,,,,,,,,,,,,,,,,,,,RailHeld,7742.5,Demand,Owned,7739.75,7740.0,19.169166356782892,,,,
kahn,9362,2026-08-27T15:19:21.175162Z,11:19:21,ll_transition,,,,,,,,,,,,,,,,,,,,,,,,,,,,,,,RailTested,7741.0,Demand,Tested,7739.75,7740.0,19.169166356782892,,,,
kahn,9364,2026-08-27T15:19:29.416511Z,11:19:29,ll_transition,,,,,,,,,,,,,,,,,,,,,,,,,,,,,,,RailTested,7740.75,Demand,Tested,7736.0,7739.75,74.0058068969735,,,,
kahn,9371,2026-08-27T15:20:14.663362Z,11:20:14,ll_transition,,,,,,,,,,,,,,,,,,,,,,,,,,,,,,,CandidateFormed,7742.0,,,,,,Supply,7741.5,7742.5,12.176864677020209
kahn,9373,2026-08-27T15:20:15.930323Z,11:20:15,ll_transition,,,,,,,,,,,,,,,,,,,,,,,,,,,,,,,RailHeld,7742.25,Demand,Owned,7736.0,7739.75,74.0058068969735,,,,
kahn,9379,2026-08-27T15:20:50.413131Z,11:20:50,ll_transition,,,,,,,,,,,,,,,,,,,,,,,,,,,,,,,RailTested,7740.75,Demand,Tested,7736.0,7739.75,74.0058068969735,,,,
kahn,9388,2026-08-27T15:21:22.423551Z,11:21:22,ll_transition,,,,,,,,,,,,,,,,,,,,,,,,,,,,,,,CandidateFormed,7740.5,,,,,,Demand,7740.5,7740.5,10.486052158528846
kahn,9394,2026-08-27T15:21:49.414489Z,11:21:49,ll_transition,,,,Favor,,,,,,,,,,,,,,,,,,,,,,,,,,,CandidateDisplacementStarted,7739.5,,,,,,Supply,7741.5,7742.5,20.554295012729973
kahn,9395,2026-08-27T15:21:50.418015Z,11:21:50,ll_transition,,,,inside_threshold,,,,,,,,,,,,,,,,,,,,,,,,,,,CandidateDisplacementReset,7739.75,,,,,,Supply,7741.5,7742.5,20.554295012729973
kahn,9396,2026-08-27T15:21:53.680413Z,11:21:53,ll_transition,,,,Favor,,,,,,,,,,,,,,,,,,,,,,,,,,,CandidateDisplacementStarted,7739.5,,,,,,Supply,7741.5,7742.5,20.554295012729973
kahn,9398,2026-08-27T15:21:55.924157Z,11:21:55,ll_transition,,,,inside_threshold,,,,,,,,,,,,,,,,,,,,,,,,,,,CandidateDisplacementReset,7739.75,,,,,,Supply,7741.5,7742.5,20.554295012729973
kahn,9406,2026-08-27T15:22:26.680891Z,11:22:26,ll_transition,,,,Favor,,,,,,,,,,,,,,,,,,,,,,,,,,,CandidateDisplacementStarted,7739.5,,,,,,Supply,7741.5,7742.5,20.554295012729973
kahn,9407,2026-08-27T15:22:27.932291Z,11:22:27,ll_transition,,,,inside_threshold,,,,,,,,,,,,,,,,,,,,,,,,,,,CandidateDisplacementReset,7739.75,,,,,,Supply,7741.5,7742.5,20.554295012729973
kahn,9417,2026-08-27T15:23:10.180195Z,11:23:10,ll_transition,,,,Favor,,,,,,,,,,,,,,,,,,,,,,,,,,,CandidateDisplacementStarted,7739.25,,,,,,Supply,7741.5,7742.5,20.554295012729973
kahn,9438,2026-08-27T15:24:40.190172Z,11:24:40,ll_transition,,,,,,,,,,,,,,,,,,,,,,,,,,,,,,,CandidateFormed,7739.25,,,,,,Supply,7739.25,7739.5,8.764829414664945
kahn,9447,2026-08-27T15:25:14.428787Z,11:25:14,ll_transition,,,,,,,,,,,,,,,,,,,,,,,,,,,,,,,RailTested,7738.25,Demand,Tested,7736.75,7737.25,9.34647937157856,,,,
kahn,9450,2026-08-27T15:25:20.428951Z,11:25:20,ll_transition,,,,,,,,,,,,,,,,,,,,,,,,,,,,,,,CandidateFormed,7737.75,,,,,,Demand,7737.75,7738.25,9.041623212369622
kahn,9452,2026-08-27T15:25:21.685588Z,11:25:21,ll_transition,,,,Favor,,,,,,,,,,,,,,,,,,,,,,,,,,,CandidateDisplacementStarted,7737.25,,,,,,Supply,7739.25,7739.5,8.764829414664945
kahn,9453,2026-08-27T15:25:22.691409Z,11:25:22,ll_transition,,,,inside_threshold,,,,,,,,,,,,,,,,,,,,,,,,,,,CandidateDisplacementReset,7737.5,,,,,,Supply,7739.25,7739.5,8.764829414664945
kahn,9454,2026-08-27T15:25:23.940781Z,11:25:23,ll_transition,,,,Favor,,,,,,,,,,,,,,,,,,,,,,,,,,,CandidateDisplacementStarted,7737.25,,,,,,Supply,7739.25,7739.5,8.764829414664945
kahn,9456,2026-08-27T15:25:24.933813Z,11:25:24,ll_transition,,,,Adverse,,,,,,,,,,,,,,,,,,,,,,,,,,,CandidateDisplacementStarted,7737.0,,,,,,Demand,7739.0,7740.5,18.378302652847538
kahn,9458,2026-08-27T15:25:28.184996Z,11:25:28,ll_transition,,,,inside_threshold,,,,,,,,,,,,,,,,,,,,,,,,,,,CandidateDisplacementReset,7737.25,,,,,,Demand,7739.0,7740.5,18.378302652847538
kahn,9459,2026-08-27T15:25:29.190859Z,11:25:29,ll_transition,,,,Adverse,,,,,,,,,,,,,,,,,,,,,,,,,,,CandidateDisplacementStarted,7736.75,,,,,,Demand,7739.0,7740.5,18.378302652847538
kahn,9460,2026-08-27T15:25:31.425688Z,11:25:31,ll_transition,,,,inside_threshold,,,,,,,,,,,,,,,,,,,,,,,,,,,CandidateDisplacementReset,7737.25,,,,,,Demand,7739.0,7740.5,18.378302652847538
kahn,9461,2026-08-27T15:25:31.425802Z,11:25:31,ll_transition,,,,time,,,,,,,,,,,,,,,,,,,,,,,,,,,RailFailed,7737.25,Demand,Failed,7739.75,7740.0,19.169166356782892,,,,
kahn,9462,2026-08-27T15:25:31.425868Z,11:25:31,ll_transition,,,,NoOwner,,,,,,,,,,,,,,,,,,,,,,,,,,,GreyUpdated,7737.25,Demand,NoOwner,7739.75,7740.0,19.169166356782892,,,,
kahn,9463,2026-08-27T15:25:31.425888Z,11:25:31,ll_transition,,,,Contested,,,,,,,,,,,,,,,,,,,,,,,,,,,GreyUpdated,7737.25,Demand,Contested,7739.75,7740.0,19.169166356782892,,,,
kahn,9464,2026-08-27T15:25:32.427437Z,11:25:32,ll_transition,,,,Adverse,,,,,,,,,,,,,,,,,,,,,,,,,,,CandidateDisplacementStarted,7737.0,,,,,,Demand,7739.0,7740.5,18.378302652847538
kahn,9466,2026-08-27T15:25:34.936104Z,11:25:34,ll_transition,,,,OWNED,,,,,,,,,,,,,,,,,,,,,,,,,,,RailOwned,7737.0,Supply,Owned,7739.25,7739.5,8.764829414664945,Supply,7739.25,7739.5,8.764829414664945
kahn,9467,2026-08-27T15:25:36.197207Z,11:25:36,ll_transition,,,,inside_threshold,,,,,,,,,,,,,,,,,,,,,,,,,,,CandidateDisplacementReset,7737.25,,,,,,Demand,7739.0,7740.5,18.378302652847538
kahn,9469,2026-08-27T15:25:37.420061Z,11:25:37,ll_transition,,,,Adverse,,,,,,,,,,,,,,,,,,,,,,,,,,,CandidateDisplacementStarted,7737.0,,,,,,Demand,7739.0,7740.5,18.378302652847538
kahn,9470,2026-08-27T15:25:38.421144Z,11:25:38,ll_transition,,,,inside_threshold,,,,,,,,,,,,,,,,,,,,,,,,,,,CandidateDisplacementReset,7737.25,,,,,,Demand,7739.0,7740.5,18.378302652847538
kahn,9471,2026-08-27T15:25:39.425088Z,11:25:39,ll_transition,,,,Adverse,,,,,,,,,,,,,,,,,,,,,,,,,,,CandidateDisplacementStarted,7737.0,,,,,,Demand,7739.0,7740.5,18.378302652847538
kahn,9475,2026-08-27T15:25:49.926961Z,11:25:49,ll_transition,,,,inside_threshold,,,,,,,,,,,,,,,,,,,,,,,,,,,CandidateDisplacementReset,7737.25,,,,,,Demand,7739.0,7740.5,18.378302652847538
kahn,9477,2026-08-27T15:25:51.950962Z,11:25:51,ll_transition,,,,Adverse,,,,,,,,,,,,,,,,,,,,,,,,,,,CandidateDisplacementStarted,7737.0,,,,,,Demand,7739.0,7740.5,18.378302652847538
kahn,9478,2026-08-27T15:25:53.181426Z,11:25:53,ll_transition,,,,inside_threshold,,,,,,,,,,,,,,,,,,,,,,,,,,,CandidateDisplacementReset,7737.25,,,,,,Demand,7739.0,7740.5,18.378302652847538
kahn,9483,2026-08-27T15:26:06.424155Z,11:26:06,ll_transition,,,,,,,,,,,,,,,,,,,,,,,,,,,,,,,RailTested,7738.25,Supply,Tested,7739.25,7739.5,8.764829414664945,,,,
kahn,9505,2026-08-27T15:27:53.930787Z,11:27:53,ll_transition,,,,,,,,,,,,,,,,,,,,,,,,,,,,,,,RailHeld,7736.75,Supply,Owned,7739.25,7739.5,8.764829414664945,,,,
kahn,9518,2026-08-27T15:28:54.255259Z,11:28:54,ll_transition,,,,,,,,,,,,,,,,,,,,,,,,,,,,,,,CandidateFormed,7736.75,,,,,,Supply,7736.75,7736.75,8.992698749210192
kahn,9522,2026-08-27T15:29:17.927519Z,11:29:17,ll_transition,,,,,,,,,,,,,,,,,,,,,,,,,,,,,,,RailTested,7735.5,Demand,Tested,7734.25,7734.5,14.181883744683347,,,,
kahn,9523,2026-08-27T15:29:17.927774Z,11:29:17,ll_transition,,,,,,,,,,,,,,,,,,,,,,,,,,,,,,,RailTested,7735.5,Demand,Tested,7734.25,7734.5,19.575336283719807,,,,
kahn,9528,2026-08-27T15:29:33.933540Z,11:29:33,ll_transition,,,,Adverse,,,,,,,,,,,,,,,,,,,,,,,,,,,CandidateDisplacementStarted,7735.0,,,,,,Demand,7737.0,7738.25,25.761455545065715
kahn,9529,2026-08-27T15:29:33.933684Z,11:29:33,ll_transition,,,,time,,,,,,,,,,,,,,,,,,,,,,,,,,,RailFailed,7735.0,Demand,Failed,7736.75,7737.25,9.34647937157856,,,,
kahn,9530,2026-08-27T15:29:33.933742Z,11:29:33,ll_transition,,,,NoOwner,,,,,,,,,,,,,,,,,,,,,,,,,,,GreyUpdated,7735.0,Demand,NoOwner,7736.75,7740.0,28.515645728361452,,,,
kahn,9531,2026-08-27T15:29:33.933766Z,11:29:33,ll_transition,,,,Contested,,,,,,,,,,,,,,,,,,,,,,,,,,,GreyUpdated,7735.0,Demand,Contested,7736.75,7740.0,28.515645728361452,,,,
kahn,9536,2026-08-27T15:29:44.185336Z,11:29:44,ll_transition,,,,CONSUMED,,,,,,,,,,,,,,,,,,,,,,,,,,,RailOwned,7734.25,Supply,Owned,7737.0,7738.25,25.761455545065715,Demand,7737.0,7738.25,25.761455545065715
kahn,9538,2026-08-27T15:29:49.937521Z,11:29:49,ll_transition,,,,time,,,,,,,,,,,,,,,,,,,,,,,,,,,RailFailed,7734.25,Demand,Failed,7736.0,7739.75,74.0058068969735,,,,
kahn,9539,2026-08-27T15:29:49.937708Z,11:29:49,ll_transition,,,,NoOwner,,,,,,,,,,,,,,,,,,,,,,,,,,,GreyUpdated,7734.25,Demand,NoOwner,7736.0,7740.0,102.52145262533494,,,,
kahn,9540,2026-08-27T15:29:49.937741Z,11:29:49,ll_transition,,,,Contested,,,,,,,,,,,,,,,,,,,,,,,,,,,GreyUpdated,7734.25,Demand,Contested,7736.0,7740.0,102.52145262533494,,,,
kahn,9542,2026-08-27T15:29:52.439044Z,11:29:52,ll_transition,,,,Favor,,,,,,,,,,,,,,,,,,,,,,,,,,,CandidateDisplacementStarted,7733.75,,,,,,Supply,7735.75,7736.75,14.891083003690706
kahn,9543,2026-08-27T15:29:53.688173Z,11:29:53,ll_transition,,,,inside_threshold,,,,,,,,,,,,,,,,,,,,,,,,,,,CandidateDisplacementReset,7734.0,,,,,,Supply,7735.75,7736.75,14.891083003690706
kahn,9549,2026-08-27T15:30:16.699368Z,11:30:16,ll_transition,,,,Favor,,,,,,,,,,,,,,,,,,,,,,,,,,,CandidateDisplacementStarted,7733.5,,,,,,Supply,7735.75,7736.75,14.891083003690706
kahn,9553,2026-08-27T15:30:26.961401Z,11:30:26,ll_transition,,,,OWNED,,,,,,,,,,,,,,,,,,,,,,,,,,,RailOwned,7733.0,Supply,Owned,7735.75,7736.75,14.891083003690706,Supply,7735.75,7736.75,14.891083003690706
kahn,9556,2026-08-27T15:30:37.446339Z,11:30:37,ll_transition,,,,time,,,,,,,,,,,,,,,,,,,,,,,,,,,RailFailed,7733.0,Demand,Failed,7734.25,7734.5,14.181883744683347,,,,
kahn,9557,2026-08-27T15:30:37.446514Z,11:30:37,ll_transition,,,,NoOwner,,,,,,,,,,,,,,,,,,,,,,,,,,,GreyUpdated,7733.0,Demand,NoOwner,7734.25,7740.0,116.70333637001829,,,,
kahn,9558,2026-08-27T15:30:37.446546Z,11:30:37,ll_transition,,,,Contested,,,,,,,,,,,,,,,,,,,,,,,,,,,GreyUpdated,7733.0,Demand,Contested,7734.25,7740.0,116.70333637001829,,,,
kahn,9559,2026-08-27T15:30:37.446563Z,11:30:37,ll_transition,,,,time,,,,,,,,,,,,,,,,,,,,,,,,,,,RailFailed,7733.0,Demand,Failed,7734.25,7734.5,19.575336283719807,,,,
kahn,9560,2026-08-27T15:30:37.446584Z,11:30:37,ll_transition,,,,NoOwner,,,,,,,,,,,,,,,,,,,,,,,,,,,GreyUpdated,7733.0,Demand,NoOwner,7734.25,7740.0,136.2786726537381,,,,
kahn,9561,2026-08-27T15:30:37.446599Z,11:30:37,ll_transition,,,,Contested,,,,,,,,,,,,,,,,,,,,,,,,,,,GreyUpdated,7733.0,Demand,Contested,7734.25,7740.0,136.2786726537381,,,,
kahn,9576,2026-08-27T15:31:45.444981Z,11:31:45,ll_transition,,,,,,,,,,,,,,,,,,,,,,,,,,,,,,,CandidateFormed,7734.0,,,,,,Demand,7734.0,7734.25,8.392562467754352
kahn,9593,2026-08-27T15:32:48.445802Z,11:32:48,ll_transition,,,,,,,,,,,,,,,,,,,,,,,,,,,,,,,RailTested,7735.0,Supply,Tested,7735.75,7736.75,14.891083003690706,,,,
kahn,9597,2026-08-27T15:32:55.453270Z,11:32:55,ll_transition,,,,,,,,,,,,,,,,,,,,,,,,,,,,,,,RailTested,7736.0,Supply,Tested,7737.0,7738.25,25.761455545065715,,,,
kahn,9599,2026-08-27T15:32:57.949230Z,11:32:57,ll_transition,,,,,,,,,,,,,,,,,,,,,,,,,,,,,,,CandidateFormed,7736.25,,,,,,Demand,7735.75,7736.25,8.683792969034183
kahn,9600,2026-08-27T15:32:57.949310Z,11:32:57,ll_transition,,,,Favor,,,,,,,,,,,,,,,,,,,,,,,,,,,CandidateDisplacementStarted,7736.25,,,,,,Demand,7734.0,7734.25,14.188716892452721
kahn,9603,2026-08-27T15:33:08.187113Z,11:33:08,ll_transition,,,,OWNED,,,,,,,,,,,,,,,,,,,,,,,,,,,RailOwned,7737.5,Demand,Owned,7734.0,7734.25,14.188716892452721,Demand,7734.0,7734.25,14.188716892452721
kahn,9610,2026-08-27T15:33:31.955756Z,11:33:31,ll_transition,,,,,,,,,,,,,,,,,,,,,,,,,,,,,,,RailTested,7735.25,Demand,Tested,7734.0,7734.25,14.188716892452721,,,,
kahn,9620,2026-08-27T15:34:10.229101Z,11:34:10,ll_transition,,,,,,,,,,,,,,,,,,,,,,,,,,,,,,,RailHeld,7734.5,Supply,Owned,7737.0,7738.25,25.761455545065715,,,,
kahn,9623,2026-08-27T15:34:15.744079Z,11:34:15,ll_transition,,,,Adverse,,,,,,,,,,,,,,,,,,,,,,,,,,,CandidateDisplacementStarted,7733.5,,,,,,Demand,7735.5,7736.25,13.9714856484183
kahn,9624,2026-08-27T15:34:22.489792Z,11:34:22,ll_transition,,,,,,,,,,,,,,,,,,,,,,,,,,,,,,,RailHeld,7733.25,Supply,Owned,7735.75,7736.75,14.891083003690706,,,,
kahn,9626,2026-08-27T15:34:25.743198Z,11:34:25,ll_transition,,,,,,,,,,,,,,,,,,,,,,,,,,,,,,,CandidateFormed,7732.75,,,,,,Demand,7732.75,7733.5,8.289087478650005
kahn,9627,2026-08-27T15:34:25.743313Z,11:34:25,ll_transition,,,,CONSUMED,,,,,,,,,,,,,,,,,,,,,,,,,,,RailOwned,7732.75,Supply,Owned,7735.5,7736.25,13.9714856484183,Demand,7735.5,7736.25,13.9714856484183
kahn,9632,2026-08-27T15:34:42.999751Z,11:34:42,ll_transition,,,,time,,,,,,,,,,,,,,,,,,,,,,,,,,,RailFailed,7732.75,Demand,Failed,7734.0,7734.25,14.188716892452721,,,,
kahn,9633,2026-08-27T15:34:42.999920Z,11:34:42,ll_transition,,,,NoOwner,,,,,,,,,,,,,,,,,,,,,,,,,,,GreyUpdated,7732.75,Demand,NoOwner,7734.0,7740.0,150.46738954619084,,,,
kahn,9634,2026-08-27T15:34:43.000006Z,11:34:43,ll_transition,,,,Contested,,,,,,,,,,,,,,,,,,,,,,,,,,,GreyUpdated,7732.75,Demand,Contested,7734.0,7740.0,150.46738954619084,,,,
kahn,9643,2026-08-27T15:35:19.494619Z,11:35:19,ll_transition,,,,,,,,,,,,,,,,,,,,,,,,,,,,,,,RailTested,7734.5,Supply,Tested,7735.5,7736.25,13.9714856484183,,,,
kahn,9650,2026-08-27T15:35:43.499496Z,11:35:43,ll_transition,,,,,,,,,,,,,,,,,,,,,,,,,,,,,,,RailHeld,7733.0,Supply,Owned,7735.5,7736.25,13.9714856484183,,,,
kahn,9652,2026-08-27T15:35:47.986423Z,11:35:47,ll_transition,,,,,,,,,,,,,,,,,,,,,,,,,,,,,,,CandidateFormed,7733.0,,,,,,Supply,7732.75,7733.0,8.656299649071617
