symbol,first_line,last_line,first_utc,last_utc,first_et,last_et,count,campaign_id,phase_before,phase_after,action,policy,reason_code,waypoint_id,evidence_source,evidence_kind,evidence_side,first_price,min_price,max_price,first_pos_before,last_pos_after,first_evidence_id,last_evidence_id
ES,6815,6815,2026-08-27T13:54:03.010286Z,2026-08-27T13:54:03.010286Z,09:54:03,09:54:03,1,es-2026-08-27-long-orr-7716-7726,Ready,ProbeOpen,AllowProbe,trap_probe,same_side_lean_at_trap_probe,probe-7716-7726,LevelLedger,RailOwned,Demand,7723.75,7723.75,7723.75,0,2,live-ll-25-RailOwned-639234356429891151,live-ll-25-RailOwned-639234356429891151
ES,6820,6820,2026-08-27T13:54:03.401264Z,2026-08-27T13:54:03.401264Z,09:54:03,09:54:03,1,es-2026-08-27-long-orr-7716-7726,ProbeOpen,ProbeOpen,SuppressAdd,no_add_zone,inside_no_add_zone,no-add-7716-7728,LevelLedger,RailOwned,Demand,7723.75,7723.75,7723.75,2,2,live-ll-26-RailOwned-639234356429891151,live-ll-26-RailOwned-639234356429891151
ES,6837,6858,2026-08-27T13:54:08.497699Z,2026-08-27T13:54:38.997132Z,09:54:08,09:54:38,7,es-2026-08-27-long-orr-7716-7726,ProbeOpen,ProbeOpen,SuppressAdd,no_add_zone,inside_no_add_zone,no-add-7716-7728,Price,PriceTouch,None,7723.625,7723.125,7724.625,2,2,quote-639234356482384489,quote-639234356787739590
ES,6862,6862,2026-08-27T13:54:44.247210Z,2026-08-27T13:54:44.247210Z,09:54:44,09:54:44,1,es-2026-08-27-long-orr-7716-7726,ProbeOpen,ProbeOpen,SuppressAdd,no_add_zone,inside_no_add_zone,no-add-7716-7728,LevelLedger,RailHeld,Demand,7724.0,7724.0,7724.0,2,2,live-ll-26-RailHeld-639234356842416885,live-ll-26-RailHeld-639234356842416885
ES,6866,6907,2026-08-27T13:54:49.499080Z,2026-08-27T13:55:41.008329Z,09:54:49,09:55:41,11,es-2026-08-27-long-orr-7716-7726,ProbeOpen,ProbeOpen,SuppressAdd,no_add_zone,inside_no_add_zone,no-add-7716-7728,Price,PriceTouch,None,7723.75,7716.625,7724.125,2,2,quote-639234356892366672,quote-639234357407831405
ES,6911,6911,2026-08-27T13:55:45.530133Z,2026-08-27T13:55:45.530133Z,09:55:45,09:55:45,1,es-2026-08-27-long-orr-7716-7726,ProbeOpen,Ready,Flatten,build_trial,risk_anchor_failed,,LevelLedger,RailFailed,Demand,7718.0,7718.0,7718.0,2,0,live-ll-26-RailFailed-639234357454973229,live-ll-26-RailFailed-639234357454973229
ES,6975,6975,2026-08-27T14:01:25.256428Z,2026-08-27T14:01:25.256428Z,10:01:25,10:01:25,1,es-2026-08-27-long-orr-7716-7726,Ready,ProbeOpen,AllowProbe,trap_probe,same_side_lean_at_trap_probe,probe-7716-7726,LevelLedger,RailOwned,Demand,7717.0,7717.0,7717.0,0,2,live-ll-30-RailOwned-639234360852522854,live-ll-30-RailOwned-639234360852522854
ES,6979,7102,2026-08-27T14:01:25.384896Z,2026-08-27T14:03:59.998949Z,10:01:25,10:03:59,31,es-2026-08-27-long-orr-7716-7726,ProbeOpen,ProbeOpen,SuppressAdd,no_add_zone,inside_no_add_zone,no-add-7716-7728,Price,PriceTouch,None,7717.0,7716.375,7720.875,2,2,quote-639234360850096733,quote-639234362397700586
ES,7106,7106,2026-08-27T14:04:05.004391Z,2026-08-27T14:04:05.004391Z,10:04:05,10:04:05,1,es-2026-08-27-long-orr-7716-7726,ProbeOpen,ProbeOpen,SuppressAdd,no_add_zone,inside_no_add_zone,no-add-7716-7728,LevelLedger,RailTested,Supply,7721.25,7721.25,7721.25,2,2,live-ll-27-RailTested-639234362450013026,live-ll-27-RailTested-639234362450013026
ES,7111,7202,2026-08-27T14:04:10.272470Z,2026-08-27T14:06:19.017278Z,10:04:10,10:06:19,26,es-2026-08-27-long-orr-7716-7726,ProbeOpen,ProbeOpen,SuppressAdd,no_add_zone,inside_no_add_zone,no-add-7716-7728,Price,PriceTouch,None,7720.625,7718.375,7722.125,2,2,quote-639234362500108025,quote-639234363787710724
ES,7208,7208,2026-08-27T14:06:24.056508Z,2026-08-27T14:06:24.056508Z,10:06:24,10:06:24,1,es-2026-08-27-long-orr-7716-7726,ProbeOpen,ProbeOpen,SuppressAdd,no_add_zone,inside_no_add_zone,no-add-7716-7728,LevelLedger,RailTested,Demand,7718.75,7718.75,7718.75,2,2,live-ll-32-RailTested-639234363840057806,live-ll-32-RailTested-639234363840057806
ES,7214,7231,2026-08-27T14:06:29.268407Z,2026-08-27T14:06:50.006871Z,10:06:29,10:06:50,5,es-2026-08-27-long-orr-7716-7726,ProbeOpen,ProbeOpen,SuppressAdd,no_add_zone,inside_no_add_zone,no-add-7716-7728,Price,PriceTouch,None,7716.375,7715.625,7716.375,2,2,quote-639234363890392064,quote-639234364098083973
ES,7244,7244,2026-08-27T14:07:10.512919Z,2026-08-27T14:07:10.512919Z,10:07:10,10:07:10,1,es-2026-08-27-long-orr-7716-7726,ProbeOpen,Ready,Flatten,build_trial,risk_anchor_failed,,LevelLedger,RailFailed,Demand,7713.0,7713.0,7713.0,2,0,live-ll-32-RailFailed-639234364305076657,live-ll-32-RailFailed-639234364305076657
ES,7269,7269,2026-08-27T14:07:53.518048Z,2026-08-27T14:07:53.518048Z,10:07:53,10:07:53,1,es-2026-08-27-long-orr-7716-7726,Ready,ProbeOpen,AllowProbe,trap_probe,same_side_lean_at_trap_probe,probe-7716-7726,LevelLedger,RailHeld,Demand,7717.5,7717.5,7717.5,0,2,live-ll-30-RailHeld-639234364735137021,live-ll-30-RailHeld-639234364735137021
ES,7274,7274,2026-08-27T14:07:54.179190Z,2026-08-27T14:07:54.179190Z,10:07:54,10:07:54,1,es-2026-08-27-long-orr-7716-7726,ProbeOpen,ProbeOpen,SuppressAdd,no_add_zone,inside_no_add_zone,no-add-7716-7728,LevelLedger,RailTested,Supply,7717.5,7717.5,7717.5,2,2,live-ll-33-RailTested-639234364735137021,live-ll-33-RailTested-639234364735137021
ES,7292,7312,2026-08-27T14:07:59.275273Z,2026-08-27T14:08:20.270754Z,10:07:59,10:08:20,5,es-2026-08-27-long-orr-7716-7726,ProbeOpen,ProbeOpen,SuppressAdd,no_add_zone,inside_no_add_zone,no-add-7716-7728,Price,PriceTouch,None,7717.375,7715.875,7717.375,2,2,quote-639234364790191433,quote-639234365000157983
ES,7321,7321,2026-08-27T14:08:34.021012Z,2026-08-27T14:08:34.021012Z,10:08:34,10:08:34,1,es-2026-08-27-long-orr-7716-7726,ProbeOpen,ProbeOpen,SuppressAdd,no_add_zone,inside_no_add_zone,no-add-7716-7728,LevelLedger,RailOwned,Supply,7714.0,7714.0,7714.0,2,2,live-ll-36-RailOwned-639234365140170776,live-ll-36-RailOwned-639234365140170776
ES,7324,7414,2026-08-27T14:08:45.024994Z,2026-08-27T14:10:37.515664Z,10:08:45,10:10:37,22,es-2026-08-27-long-orr-7716-7726,ProbeOpen,ProbeOpen,SuppressAdd,no_add_zone,inside_no_add_zone,no-add-7716-7728,Price,PriceTouch,None,7714.875,7714.875,7720.375,2,2,quote-639234365248944771,quote-639234366373635152
ES,7420,7420,2026-08-27T14:10:42.779633Z,2026-08-27T14:10:42.779633Z,10:10:42,10:10:42,1,es-2026-08-27-long-orr-7716-7726,ProbeOpen,ProbeOpen,SuppressAdd,no_add_zone,inside_no_add_zone,no-add-7716-7728,LevelLedger,RailTested,Supply,7720.5,7720.5,7720.5,2,2,live-ll-35-RailTested-639234366427758620,live-ll-35-RailTested-639234366427758620
ES,7423,7577,2026-08-27T14:10:48.022746Z,2026-08-27T14:14:23.785356Z,10:10:48,10:14:23,43,es-2026-08-27-long-orr-7716-7726,ProbeOpen,ProbeOpen,SuppressAdd,no_add_zone,inside_no_add_zone,no-add-7716-7728,Price,PriceTouch,None,7720.125,7718.625,7720.875,2,2,quote-639234366478455556,quote-639234368635473156
ES,7581,7581,2026-08-27T14:14:28.797449Z,2026-08-27T14:14:28.797449Z,10:14:28,10:14:28,1,es-2026-08-27-long-orr-7716-7726,ProbeOpen,ProbeOpen,SuppressAdd,no_add_zone,inside_no_add_zone,no-add-7716-7728,LevelLedger,RailHeld,Supply,7719.0,7719.0,7719.0,2,2,live-ll-35-RailHeld-639234368687864262,live-ll-35-RailHeld-639234368687864262
ES,7585,7966,2026-08-27T14:14:34.032420Z,2026-08-27T14:23:13.797661Z,10:14:34,10:23:13,102,es-2026-08-27-long-orr-7716-7726,ProbeOpen,ProbeOpen,SuppressAdd,no_add_zone,inside_no_add_zone,no-add-7716-7728,Price,PriceTouch,None,7718.875,7717.625,7725.875,2,2,quote-639234368738269987,quote-639234373935818084
ES,7971,7971,2026-08-27T14:23:18.808612Z,2026-08-27T14:23:18.808612Z,10:23:18,10:23:18,1,es-2026-08-27-long-orr-7716-7726,ProbeOpen,ProbeOpen,SuppressAdd,no_add_zone,inside_no_add_zone,no-add-7716-7728,LevelLedger,RailHeld,Demand,7725.25,7725.25,7725.25,2,2,live-ll-38-RailHeld-639234373988030569,live-ll-38-RailHeld-639234373988030569
ES,7976,8170,2026-08-27T14:23:24.049178Z,2026-08-27T14:27:21.066059Z,10:23:24,10:27:21,47,es-2026-08-27-long-orr-7716-7726,ProbeOpen,ProbeOpen,SuppressAdd,no_add_zone,inside_no_add_zone,no-add-7716-7728,Price,PriceTouch,None,7726.125,7723.375,7729.125,2,2,quote-639234374039026686,quote-639234376408927417
ES,8174,8174,2026-08-27T14:27:24.057667Z,2026-08-27T14:27:24.057667Z,10:27:24,10:27:24,1,es-2026-08-27-long-orr-7716-7726,ProbeOpen,ProbeOpen,SuppressAdd,path_stress,mature_path_adds_suppressed,harvest-7732-7736,Price,PriceTouch,None,7729.875,7729.875,7729.875,2,2,quote-639234376438648711,quote-639234376438648711
ES,8178,8178,2026-08-27T14:27:28.059397Z,2026-08-27T14:27:28.059397Z,10:27:28,10:27:28,1,es-2026-08-27-long-orr-7716-7726,ProbeOpen,ProbeOpen,SuppressAdd,no_add_zone,inside_no_add_zone,no-add-7716-7728,Price,PriceTouch,None,7729.125,7729.125,7729.125,2,2,quote-639234376480104990,quote-639234376480104990
ES,8181,8191,2026-08-27T14:27:29.552654Z,2026-08-27T14:27:45.814217Z,10:27:29,10:27:45,4,es-2026-08-27-long-orr-7716-7726,ProbeOpen,ProbeOpen,SuppressAdd,path_stress,mature_path_adds_suppressed,harvest-7732-7736,Price,PriceTouch,None,7729.875,7729.875,7730.125,2,2,quote-639234376494938475,quote-639234376655893909
ES,8194,8219,2026-08-27T14:27:48.810506Z,2026-08-27T14:28:29.806818Z,10:27:48,10:28:29,9,es-2026-08-27-long-orr-7716-7726,ProbeOpen,ProbeOpen,SuppressAdd,no_add_zone,inside_no_add_zone,no-add-7716-7728,Price,PriceTouch,None,7729.125,7728.375,7729.125,2,2,quote-639234376686870643,quote-639234377095771738
ES,8224,8224,2026-08-27T14:28:35.059414Z,2026-08-27T14:28:35.059414Z,10:28:35,10:28:35,1,es-2026-08-27-long-orr-7716-7726,ProbeOpen,ProbeOpen,SuppressAdd,no_add_zone,inside_no_add_zone,no-add-7716-7728,LevelLedger,RailTested,Demand,7727.75,7727.75,7727.75,2,2,live-ll-46-RailTested-639234377150551171,live-ll-46-RailTested-639234377150551171
ES,8226,8327,2026-08-27T14:28:40.309200Z,2026-08-27T14:30:43.581064Z,10:28:40,10:30:43,25,es-2026-08-27-long-orr-7716-7726,ProbeOpen,ProbeOpen,SuppressAdd,no_add_zone,inside_no_add_zone,no-add-7716-7728,Price,PriceTouch,None,7728.375,7722.125,7728.875,2,2,quote-639234377200625086,quote-639234378433289479
ES,8331,8331,2026-08-27T14:30:48.569577Z,2026-08-27T14:30:48.569577Z,10:30:48,10:30:48,1,es-2026-08-27-long-orr-7716-7726,ProbeOpen,ProbeOpen,SuppressAdd,no_add_zone,inside_no_add_zone,no-add-7716-7728,LevelLedger,RailFailed,Demand,7724.0,7724.0,7724.0,2,2,live-ll-46-RailFailed-639234378485625008,live-ll-46-RailFailed-639234378485625008
ES,8340,8530,2026-08-27T14:30:53.818024Z,2026-08-27T14:35:20.829627Z,10:30:53,10:35:20,53,es-2026-08-27-long-orr-7716-7726,ProbeOpen,ProbeOpen,SuppressAdd,no_add_zone,inside_no_add_zone,no-add-7716-7728,Price,PriceTouch,None,7724.125,7723.125,7727.125,2,2,quote-639234378535869749,quote-639234381206380162
ES,8535,8535,2026-08-27T14:35:25.847277Z,2026-08-27T14:35:25.847277Z,10:35:25,10:35:25,1,es-2026-08-27-long-orr-7716-7726,ProbeOpen,ProbeOpen,SuppressAdd,no_add_zone,inside_no_add_zone,no-add-7716-7728,LevelLedger,RailTested,Supply,7727.0,7727.0,7727.0,2,2,live-ll-48-RailTested-639234381258318327,live-ll-48-RailTested-639234381258318327
ES,8538,8538,2026-08-27T14:35:31.073165Z,2026-08-27T14:35:31.073165Z,10:35:31,10:35:31,1,es-2026-08-27-long-orr-7716-7726,ProbeOpen,ProbeOpen,SuppressAdd,no_add_zone,inside_no_add_zone,no-add-7716-7728,Price,PriceTouch,None,7727.125,7727.125,7727.125,2,2,quote-639234381308211436,quote-639234381308211436
ES,8541,8541,2026-08-27T14:35:36.088689Z,2026-08-27T14:35:36.088689Z,10:35:36,10:35:36,1,es-2026-08-27-long-orr-7716-7726,ProbeOpen,ProbeOpen,SuppressAdd,no_add_zone,inside_no_add_zone,no-add-7716-7728,LevelLedger,RailOwned,Demand,7727.5,7727.5,7727.5,2,2,live-ll-52-RailOwned-639234381360704603,live-ll-52-RailOwned-639234381360704603
ES,8544,8590,2026-08-27T14:35:41.328009Z,2026-08-27T14:36:48.324617Z,10:35:41,10:36:48,14,es-2026-08-27-long-orr-7716-7726,ProbeOpen,ProbeOpen,SuppressAdd,no_add_zone,inside_no_add_zone,no-add-7716-7728,Price,PriceTouch,None,7727.875,7727.875,7729.125,2,2,quote-639234381411841553,quote-639234382081976703
ES,9764,9764,2026-08-27T17:39:03.639916Z,2026-08-27T17:39:03.639916Z,13:39:03,13:39:03,1,es-2026-08-27-short-upper-supply-vwap-7754-7756,Ready,ProbeOpen,AllowProbe,trap_probe,same_side_lean_at_trap_probe,probe-7748-7756,LevelLedger,RailHeld,Supply,7748.75,7748.75,7748.75,0,2,live-ll-28-RailHeld-639234491436131978,live-ll-28-RailHeld-639234491436131978
ES,9838,9838,2026-08-27T17:44:34.135105Z,2026-08-27T17:44:34.135105Z,13:44:34,13:44:34,1,es-2026-08-27-short-upper-supply-vwap-7754-7756,ProbeOpen,BuildTrial,HoldRoot,build_trial,build_trial_alive,build-7738-7754,LevelLedger,RailHeld,Supply,7749.5,7749.5,7749.5,2,2,live-ll-30-RailHeld-639234494741235375,live-ll-30-RailHeld-639234494741235375
ES,9842,9842,2026-08-27T17:44:39.142329Z,2026-08-27T17:44:39.142329Z,13:44:39,13:44:39,1,es-2026-08-27-short-upper-supply-vwap-7754-7756,BuildTrial,BuildTrial,HoldRoot,build_trial,build_trial_alive,build-7738-7754,LevelLedger,RailHeld,Supply,7748.25,7748.25,7748.25,2,2,live-ll-28-RailHeld-639234494791253269,live-ll-28-RailHeld-639234494791253269
ES,9851,9851,2026-08-27T17:44:57.627139Z,2026-08-27T17:44:57.627139Z,13:44:57,13:44:57,1,es-2026-08-27-short-upper-supply-vwap-7754-7756,BuildTrial,BuildTrial,HoldRoot,build_trial,build_trial_alive,build-7738-7754,LevelLedger,RailOwned,Supply,7747.75,7747.75,7747.75,2,2,live-ll-34-RailOwned-639234494976223387,live-ll-34-RailOwned-639234494976223387
ES,9880,9880,2026-08-27T17:46:30.398611Z,2026-08-27T17:46:30.398611Z,13:46:30,13:46:30,1,es-2026-08-27-short-upper-supply-vwap-7754-7756,BuildTrial,BuildTrial,SuppressAdd,evaluate_zone,inside_evaluate_zone,evaluate-7738-7742,LevelLedger,RailTested,Demand,7745.75,7745.75,7745.75,2,2,live-ll-3-RailTested-639234495903789629,live-ll-3-RailTested-639234495903789629
ES,9894,9894,2026-08-27T17:47:14.129062Z,2026-08-27T17:47:14.129062Z,13:47:14,13:47:14,1,es-2026-08-27-short-upper-supply-vwap-7754-7756,BuildTrial,BuildTrial,SuppressAdd,evaluate_zone,inside_evaluate_zone,evaluate-7738-7742,LevelLedger,RailHeld,Demand,7747.25,7747.25,7747.25,2,2,live-ll-3-RailHeld-639234496341212378,live-ll-3-RailHeld-639234496341212378
ES,9908,9945,2026-08-27T17:47:57.891581Z,2026-08-27T17:51:21.391264Z,13:47:57,13:51:21,2,es-2026-08-27-short-upper-supply-vwap-7754-7756,BuildTrial,BuildTrial,SuppressAdd,evaluate_zone,inside_evaluate_zone,evaluate-7738-7742,LevelLedger,RailTested,Demand,7745.75,7743.5,7745.75,2,2,live-ll-3-RailTested-639234496778818098,live-ll-4-RailTested-639234498813866234
ES,9978,9978,2026-08-27T17:53:18.893759Z,2026-08-27T17:53:18.893759Z,13:53:18,13:53:18,1,es-2026-08-27-short-upper-supply-vwap-7754-7756,BuildTrial,BuildTrial,SuppressAdd,evaluate_zone,inside_evaluate_zone,evaluate-7738-7742,LevelLedger,RailHeld,Demand,7745.0,7745.0,7745.0,2,2,live-ll-4-RailHeld-639234499988900409,live-ll-4-RailHeld-639234499988900409
ES,10031,10031,2026-08-27T17:58:14.152055Z,2026-08-27T17:58:14.152055Z,13:58:14,13:58:14,1,es-2026-08-27-short-upper-supply-vwap-7754-7756,BuildTrial,BuildTrial,SuppressAdd,evaluate_zone,inside_evaluate_zone,evaluate-7738-7742,LevelLedger,RailTested,Demand,7743.5,7743.5,7743.5,2,2,live-ll-4-RailTested-639234502941475852,live-ll-4-RailTested-639234502941475852
ES,10035,10059,2026-08-27T17:58:19.393944Z,2026-08-27T17:59:32.397139Z,13:58:19,13:59:32,8,es-2026-08-27-short-upper-supply-vwap-7754-7756,BuildTrial,BuildTrial,SuppressAdd,evaluate_zone,inside_evaluate_zone,evaluate-7738-7742,Price,PriceTouch,None,7742.875,7742.875,7743.125,2,2,quote-639234502991592048,quote-639234503722537143
ES,10067,10067,2026-08-27T18:00:09.400742Z,2026-08-27T18:00:09.400742Z,14:00:09,14:00:09,1,es-2026-08-27-short-upper-supply-vwap-7754-7756,BuildTrial,BuildTrial,SuppressAdd,evaluate_zone,inside_evaluate_zone,evaluate-7738-7742,LevelLedger,RailHeld,Demand,7745.0,7745.0,7745.0,2,2,live-ll-4-RailHeld-639234504093966336,live-ll-4-RailHeld-639234504093966336
ES,10084,10084,2026-08-27T18:01:02.161762Z,2026-08-27T18:01:02.161762Z,14:01:02,14:01:02,1,es-2026-08-27-short-upper-supply-vwap-7754-7756,BuildTrial,BuildTrial,SuppressAdd,evaluate_zone,inside_evaluate_zone,evaluate-7738-7742,LevelLedger,RailTested,Demand,7743.5,7743.5,7743.5,2,2,live-ll-4-RailTested-639234504621584028,live-ll-4-RailTested-639234504621584028
ES,10087,10098,2026-08-27T18:01:08.418832Z,2026-08-27T18:01:23.648412Z,14:01:08,14:01:23,4,es-2026-08-27-short-upper-supply-vwap-7754-7756,BuildTrial,BuildTrial,SuppressAdd,evaluate_zone,inside_evaluate_zone,evaluate-7738-7742,Price,PriceTouch,None,7743.125,7741.125,7743.125,2,2,quote-639234504683956223,quote-639234504835086633
ES,10103,10103,2026-08-27T18:01:28.664992Z,2026-08-27T18:01:28.664992Z,14:01:28,14:01:28,1,es-2026-08-27-short-upper-supply-vwap-7754-7756,BuildTrial,BuildTrial,HoldRoot,build_trial,build_trial_alive,build-7738-7754,LevelLedger,RailOwned,Supply,7741.5,7741.5,7741.5,2,2,live-ll-37-RailOwned-639234504886562358,live-ll-37-RailOwned-639234504886562358
ES,10105,10233,2026-08-27T18:01:28.666887Z,2026-08-27T18:04:45.169623Z,14:01:28,14:04:45,39,es-2026-08-27-short-upper-supply-vwap-7754-7756,BuildTrial,BuildTrial,SuppressAdd,evaluate_zone,inside_evaluate_zone,evaluate-7738-7742,Price,PriceTouch,None,7741.625,7736.875,7741.625,2,2,quote-639234504884305707,quote-639234506849711123
ES,10235,10235,2026-08-27T18:04:45.423287Z,2026-08-27T18:04:45.423287Z,14:04:45,14:04:45,1,es-2026-08-27-short-upper-supply-vwap-7754-7756,BuildTrial,BuildTrial,SuppressAdd,no_add_zone,inside_no_add_zone,no-add-7728-7738,Price,PriceTouch,None,7736.75,7736.75,7736.75,2,2,quote-639234506852621460,quote-639234506852621460
ES,10239,10239,2026-08-27T18:04:50.418140Z,2026-08-27T18:04:50.418140Z,14:04:50,14:04:50,1,es-2026-08-27-short-upper-supply-vwap-7754-7756,BuildTrial,BuildTrial,SuppressAdd,evaluate_zone,inside_evaluate_zone,evaluate-7738-7742,Price,PriceTouch,None,7736.875,7736.875,7736.875,2,2,quote-639234506901979648,quote-639234506901979648
ES,10241,10241,2026-08-27T18:04:51.418348Z,2026-08-27T18:04:51.418348Z,14:04:51,14:04:51,1,es-2026-08-27-short-upper-supply-vwap-7754-7756,BuildTrial,BuildTrial,SuppressAdd,no_add_zone,inside_no_add_zone,no-add-7728-7738,Price,PriceTouch,None,7736.75,7736.75,7736.75,2,2,quote-639234506913715084,quote-639234506913715084
ES,10245,10245,2026-08-27T18:04:55.654665Z,2026-08-27T18:04:55.654665Z,14:04:55,14:04:55,1,es-2026-08-27-short-upper-supply-vwap-7754-7756,BuildTrial,BuildTrial,SuppressAdd,evaluate_zone,inside_evaluate_zone,evaluate-7738-7742,Price,PriceTouch,None,7736.875,7736.875,7736.875,2,2,quote-639234506954716509,quote-639234506954716509
ES,10247,10247,2026-08-27T18:04:56.944928Z,2026-08-27T18:04:56.944928Z,14:04:56,14:04:56,1,es-2026-08-27-short-upper-supply-vwap-7754-7756,BuildTrial,BuildTrial,SuppressAdd,no_add_zone,inside_no_add_zone,no-add-7728-7738,Price,PriceTouch,None,7736.75,7736.75,7736.75,2,2,quote-639234506968828385,quote-639234506968828385
ES,10251,10251,2026-08-27T18:05:01.168693Z,2026-08-27T18:05:01.168693Z,14:05:01,14:05:01,1,es-2026-08-27-short-upper-supply-vwap-7754-7756,BuildTrial,BuildTrial,SuppressAdd,evaluate_zone,inside_evaluate_zone,evaluate-7738-7742,Price,PriceTouch,None,7736.875,7736.875,7736.875,2,2,quote-639234507010186278,quote-639234507010186278
ES,10253,10253,2026-08-27T18:05:02.153697Z,2026-08-27T18:05:02.153697Z,14:05:02,14:05:02,1,es-2026-08-27-short-upper-supply-vwap-7754-7756,BuildTrial,BuildTrial,SuppressAdd,no_add_zone,inside_no_add_zone,no-add-7728-7738,Price,PriceTouch,None,7736.625,7736.625,7736.625,2,2,quote-639234507020327983,quote-639234507020327983
ES,10255,10255,2026-08-27T18:05:06.915704Z,2026-08-27T18:05:06.915704Z,14:05:06,14:05:06,1,es-2026-08-27-short-upper-supply-vwap-7754-7756,BuildTrial,BuildTrial,SuppressAdd,evaluate_zone,inside_evaluate_zone,evaluate-7738-7742,Price,PriceTouch,None,7736.875,7736.875,7736.875,2,2,quote-639234507067558811,quote-639234507067558811
ES,10257,10257,2026-08-27T18:05:07.172809Z,2026-08-27T18:05:07.172809Z,14:05:07,14:05:07,1,es-2026-08-27-short-upper-supply-vwap-7754-7756,BuildTrial,BuildTrial,SuppressAdd,no_add_zone,inside_no_add_zone,no-add-7728-7738,Price,PriceTouch,None,7736.625,7736.625,7736.625,2,2,quote-639234507069216676,quote-639234507069216676
ES,10259,10259,2026-08-27T18:05:12.168219Z,2026-08-27T18:05:12.168219Z,14:05:12,14:05:12,1,es-2026-08-27-short-upper-supply-vwap-7754-7756,BuildTrial,BuildTrial,SuppressAdd,evaluate_zone,inside_evaluate_zone,evaluate-7738-7742,Price,PriceTouch,None,7737.375,7737.375,7737.375,2,2,quote-639234507119919431,quote-639234507119919431
ES,10262,10262,2026-08-27T18:05:13.165203Z,2026-08-27T18:05:13.165203Z,14:05:13,14:05:13,1,es-2026-08-27-short-upper-supply-vwap-7754-7756,BuildTrial,BuildTrial,SuppressAdd,no_add_zone,inside_no_add_zone,no-add-7728-7738,Price,PriceTouch,None,7736.625,7736.625,7736.625,2,2,quote-639234507130904000,quote-639234507130904000
ES,10265,10349,2026-08-27T18:05:17.417946Z,2026-08-27T18:07:36.918770Z,14:05:17,14:07:36,28,es-2026-08-27-short-upper-supply-vwap-7754-7756,BuildTrial,BuildTrial,SuppressAdd,evaluate_zone,inside_evaluate_zone,evaluate-7738-7742,Price,PriceTouch,None,7737.625,7737.125,7738.375,2,2,quote-639234507172340108,quote-639234508567401674
ES,10351,10355,2026-08-27T18:07:37.419215Z,2026-08-27T18:07:42.660311Z,14:07:37,14:07:42,2,es-2026-08-27-short-upper-supply-vwap-7754-7756,BuildTrial,BuildTrial,SuppressAdd,no_add_zone,inside_no_add_zone,no-add-7728-7738,Price,PriceTouch,None,7736.75,7735.875,7736.75,2,2,quote-639234508572542626,quote-639234508624712036
ES,10357,10357,2026-08-27T18:07:44.927157Z,2026-08-27T18:07:44.927157Z,14:07:44,14:07:44,1,es-2026-08-27-short-upper-supply-vwap-7754-7756,BuildTrial,BuildTrial,SuppressAdd,evaluate_zone,inside_evaluate_zone,evaluate-7738-7742,Price,PriceTouch,None,7736.875,7736.875,7736.875,2,2,quote-639234508647078595,quote-639234508647078595
ES,10360,10360,2026-08-27T18:07:48.426417Z,2026-08-27T18:07:48.426417Z,14:07:48,14:07:48,1,es-2026-08-27-short-upper-supply-vwap-7754-7756,BuildTrial,BuildTrial,SuppressAdd,no_add_zone,inside_no_add_zone,no-add-7728-7738,Price,PriceTouch,None,7736.75,7736.75,7736.75,2,2,quote-639234508682495461,quote-639234508682495461
ES,10362,10380,2026-08-27T18:07:50.162547Z,2026-08-27T18:08:26.173314Z,14:07:50,14:08:26,8,es-2026-08-27-short-upper-supply-vwap-7754-7756,BuildTrial,BuildTrial,SuppressAdd,evaluate_zone,inside_evaluate_zone,evaluate-7738-7742,Price,PriceTouch,None,7737.125,7736.875,7737.125,2,2,quote-639234508699234687,quote-639234509059874542
ES,10382,10382,2026-08-27T18:08:26.912140Z,2026-08-27T18:08:26.912140Z,14:08:26,14:08:26,1,es-2026-08-27-short-upper-supply-vwap-7754-7756,BuildTrial,BuildTrial,SuppressAdd,no_add_zone,inside_no_add_zone,no-add-7728-7738,Price,PriceTouch,None,7736.75,7736.75,7736.75,2,2,quote-639234509068148251,quote-639234509068148251
ES,10385,10385,2026-08-27T18:08:31.424107Z,2026-08-27T18:08:31.424107Z,14:08:31,14:08:31,1,es-2026-08-27-short-upper-supply-vwap-7754-7756,BuildTrial,BuildTrial,SuppressAdd,evaluate_zone,inside_evaluate_zone,evaluate-7738-7742,Price,PriceTouch,None,7736.875,7736.875,7736.875,2,2,quote-639234509112345612,quote-639234509112345612
ES,10387,10390,2026-08-27T18:08:32.178213Z,2026-08-27T18:08:37.424935Z,14:08:32,14:08:37,2,es-2026-08-27-short-upper-supply-vwap-7754-7756,BuildTrial,BuildTrial,SuppressAdd,no_add_zone,inside_no_add_zone,no-add-7728-7738,Price,PriceTouch,None,7736.625,7736.375,7736.625,2,2,quote-639234509119146569,quote-639234509172272964
ES,10392,10392,2026-08-27T18:08:38.925526Z,2026-08-27T18:08:38.925526Z,14:08:38,14:08:38,1,es-2026-08-27-short-upper-supply-vwap-7754-7756,BuildTrial,BuildTrial,SuppressAdd,evaluate_zone,inside_evaluate_zone,evaluate-7738-7742,Price,PriceTouch,None,7736.875,7736.875,7736.875,2,2,quote-639234509187937700,quote-639234509187937700
ES,10395,10395,2026-08-27T18:08:42.426012Z,2026-08-27T18:08:42.426012Z,14:08:42,14:08:42,1,es-2026-08-27-short-upper-supply-vwap-7754-7756,BuildTrial,BuildTrial,SuppressAdd,no_add_zone,inside_no_add_zone,no-add-7728-7738,Price,PriceTouch,None,7736.625,7736.625,7736.625,2,2,quote-639234509222543085,quote-639234509222543085
ES,10398,10398,2026-08-27T18:08:46.178994Z,2026-08-27T18:08:46.178994Z,14:08:46,14:08:46,1,es-2026-08-27-short-upper-supply-vwap-7754-7756,BuildTrial,BuildTrial,SuppressAdd,evaluate_zone,inside_evaluate_zone,evaluate-7738-7742,Price,PriceTouch,None,7736.875,7736.875,7736.875,2,2,quote-639234509261168785,quote-639234509261168785
ES,10400,10400,2026-08-27T18:08:48.170816Z,2026-08-27T18:08:48.170816Z,14:08:48,14:08:48,1,es-2026-08-27-short-upper-supply-vwap-7754-7756,BuildTrial,BuildTrial,SuppressAdd,no_add_zone,inside_no_add_zone,no-add-7728-7738,Price,PriceTouch,None,7736.75,7736.75,7736.75,2,2,quote-639234509280168102,quote-639234509280168102
ES,10403,10403,2026-08-27T18:08:51.413035Z,2026-08-27T18:08:51.413035Z,14:08:51,14:08:51,1,es-2026-08-27-short-upper-supply-vwap-7754-7756,BuildTrial,BuildTrial,SuppressAdd,evaluate_zone,inside_evaluate_zone,evaluate-7738-7742,Price,PriceTouch,None,7737.125,7737.125,7737.125,2,2,quote-639234509312881445,quote-639234509312881445
ES,10407,10407,2026-08-27T18:08:56.175462Z,2026-08-27T18:08:56.175462Z,14:08:56,14:08:56,1,es-2026-08-27-short-upper-supply-vwap-7754-7756,BuildTrial,BuildTrial,SuppressAdd,no_add_zone,inside_no_add_zone,no-add-7728-7738,Price,PriceTouch,None,7736.75,7736.75,7736.75,2,2,quote-639234509361440588,quote-639234509361440588
ES,10409,10409,2026-08-27T18:08:56.427019Z,2026-08-27T18:08:56.427019Z,14:08:56,14:08:56,1,es-2026-08-27-short-upper-supply-vwap-7754-7756,BuildTrial,BuildTrial,SuppressAdd,evaluate_zone,inside_evaluate_zone,evaluate-7738-7742,Price,PriceTouch,None,7736.875,7736.875,7736.875,2,2,quote-639234509364239636,quote-639234509364239636
ES,10413,10440,2026-08-27T18:09:01.433740Z,2026-08-27T18:09:36.924056Z,14:09:01,14:09:36,8,es-2026-08-27-short-upper-supply-vwap-7754-7756,BuildTrial,BuildTrial,SuppressAdd,no_add_zone,inside_no_add_zone,no-add-7728-7738,Price,PriceTouch,None,7736.125,7735.375,7736.625,2,2,quote-639234509411743419,quote-639234509767748735
ES,10442,10449,2026-08-27T18:09:37.922981Z,2026-08-27T18:09:48.175646Z,14:09:37,14:09:48,3,es-2026-08-27-short-upper-supply-vwap-7754-7756,BuildTrial,BuildTrial,SuppressAdd,evaluate_zone,inside_evaluate_zone,evaluate-7738-7742,Price,PriceTouch,None,7736.875,7736.875,7737.125,2,2,quote-639234509776956839,quote-639234509879646523
ES,10452,10455,2026-08-27T18:09:49.426929Z,2026-08-27T18:09:54.429500Z,14:09:49,14:09:54,2,es-2026-08-27-short-upper-supply-vwap-7754-7756,BuildTrial,BuildTrial,SuppressAdd,no_add_zone,inside_no_add_zone,no-add-7728-7738,Price,PriceTouch,None,7736.625,7736.375,7736.625,2,2,quote-639234509893672033,quote-639234509941784384
ES,10458,10458,2026-08-27T18:09:56.926877Z,2026-08-27T18:09:56.926877Z,14:09:56,14:09:56,1,es-2026-08-27-short-upper-supply-vwap-7754-7756,BuildTrial,BuildTrial,SuppressAdd,evaluate_zone,inside_evaluate_zone,evaluate-7738-7742,Price,PriceTouch,None,7736.875,7736.875,7736.875,2,2,quote-639234509968492453,quote-639234509968492453
ES,10461,10461,2026-08-27T18:09:59.664779Z,2026-08-27T18:09:59.664779Z,14:09:59,14:09:59,1,es-2026-08-27-short-upper-supply-vwap-7754-7756,BuildTrial,BuildTrial,SuppressAdd,no_add_zone,inside_no_add_zone,no-add-7728-7738,Price,PriceTouch,None,7736.375,7736.375,7736.375,2,2,quote-639234509994407330,quote-639234509994407330
ES,10464,10464,2026-08-27T18:10:02.183034Z,2026-08-27T18:10:02.183034Z,14:10:02,14:10:02,1,es-2026-08-27-short-upper-supply-vwap-7754-7756,BuildTrial,BuildTrial,SuppressAdd,evaluate_zone,inside_evaluate_zone,evaluate-7738-7742,Price,PriceTouch,None,7736.875,7736.875,7736.875,2,2,quote-639234510019524297,quote-639234510019524297
ES,10467,10475,2026-08-27T18:10:04.665471Z,2026-08-27T18:10:20.424736Z,14:10:04,14:10:20,4,es-2026-08-27-short-upper-supply-vwap-7754-7756,BuildTrial,BuildTrial,SuppressAdd,no_add_zone,inside_no_add_zone,no-add-7728-7738,Price,PriceTouch,None,7736.375,7736.375,7736.625,2,2,quote-639234510044490217,quote-639234510202869745
ES,10477,10480,2026-08-27T18:10:20.427586Z,2026-08-27T18:10:25.427295Z,14:10:20,14:10:25,2,es-2026-08-27-short-upper-supply-vwap-7754-7756,BuildTrial,BuildTrial,SuppressAdd,evaluate_zone,inside_evaluate_zone,evaluate-7738-7742,Price,PriceTouch,None,7736.875,7736.875,7736.875,2,2,quote-639234510204228620,quote-639234510251783846
ES,10482,10498,2026-08-27T18:10:25.429512Z,2026-08-27T18:10:50.680048Z,14:10:25,14:10:50,6,es-2026-08-27-short-upper-supply-vwap-7754-7756,BuildTrial,BuildTrial,SuppressAdd,no_add_zone,inside_no_add_zone,no-add-7728-7738,Price,PriceTouch,None,7736.75,7734.625,7736.75,2,2,quote-639234510251816217,quote-639234510504733917
ES,10503,10503,2026-08-27T18:10:55.202186Z,2026-08-27T18:10:55.202186Z,14:10:55,14:10:55,1,es-2026-08-27-short-upper-supply-vwap-7754-7756,BuildTrial,BuildTrial,SuppressAdd,evaluate_zone,inside_evaluate_zone,evaluate-7738-7742,LevelLedger,RailOwned,Supply,7734.25,7734.25,7734.25,2,2,live-ll-45-RailOwned-639234510551872244,live-ll-45-RailOwned-639234510551872244
ES,10505,10537,2026-08-27T18:10:55.925135Z,2026-08-27T18:11:41.929319Z,14:10:55,14:11:41,10,es-2026-08-27-short-upper-supply-vwap-7754-7756,BuildTrial,BuildTrial,SuppressAdd,no_add_zone,inside_no_add_zone,no-add-7728-7738,Price,PriceTouch,None,7734.375,7734.125,7735.875,2,2,quote-639234510556846863,quote-639234511016943639
ES,10541,10541,2026-08-27T18:11:45.181038Z,2026-08-27T18:11:45.181038Z,14:11:45,14:11:45,1,es-2026-08-27-short-upper-supply-vwap-7754-7756,BuildTrial,BuildTrial,SuppressAdd,evaluate_zone,inside_evaluate_zone,evaluate-7738-7742,LevelLedger,RailTested,Supply,7736.0,7736.0,7736.0,2,2,live-ll-45-RailTested-639234511051782177,live-ll-45-RailTested-639234511051782177
ES,10544,10558,2026-08-27T18:11:47.179670Z,2026-08-27T18:12:13.191240Z,14:11:47,14:12:13,6,es-2026-08-27-short-upper-supply-vwap-7754-7756,BuildTrial,BuildTrial,SuppressAdd,no_add_zone,inside_no_add_zone,no-add-7728-7738,Price,PriceTouch,None,7735.875,7734.875,7736.125,2,2,quote-639234511070251231,quote-639234511330192234
ES,10561,10561,2026-08-27T18:12:14.182025Z,2026-08-27T18:12:14.182025Z,14:12:14,14:12:14,1,es-2026-08-27-short-upper-supply-vwap-7754-7756,BuildTrial,BuildTrial,SuppressAdd,evaluate_zone,inside_evaluate_zone,evaluate-7738-7742,LevelLedger,RailHeld,Supply,7734.5,7734.5,7734.5,2,2,live-ll-45-RailHeld-639234511341780712,live-ll-45-RailHeld-639234511341780712
ES,10563,10608,2026-08-27T18:12:18.424729Z,2026-08-27T18:13:30.424454Z,14:12:18,14:13:30,15,es-2026-08-27-short-upper-supply-vwap-7754-7756,BuildTrial,BuildTrial,SuppressAdd,no_add_zone,inside_no_add_zone,no-add-7728-7738,Price,PriceTouch,None,7734.875,7733.375,7735.625,2,2,quote-639234511382655221,quote-639234512102096012
ES,10611,10611,2026-08-27T18:13:30.931749Z,2026-08-27T18:13:30.931749Z,14:13:30,14:13:30,1,es-2026-08-27-short-upper-supply-vwap-7754-7756,BuildTrial,BuildTrial,SuppressAdd,path_stress,mature_path_adds_suppressed,pathstress-7728-7731,Price,PriceTouch,None,7733.125,7733.125,7733.125,2,2,quote-639234512107543231,quote-639234512107543231
ES,10615,10628,2026-08-27T18:13:35.451248Z,2026-08-27T18:13:50.933333Z,14:13:35,14:13:50,4,es-2026-08-27-short-upper-supply-vwap-7754-7756,BuildTrial,BuildTrial,SuppressAdd,no_add_zone,inside_no_add_zone,no-add-7728-7738,Price,PriceTouch,None,7734.125,7733.625,7734.125,2,2,quote-639234512152172719,quote-639234512308017683
ES,10630,10630,2026-08-27T18:13:51.423887Z,2026-08-27T18:13:51.423887Z,14:13:51,14:13:51,1,es-2026-08-27-short-upper-supply-vwap-7754-7756,BuildTrial,BuildTrial,SuppressAdd,path_stress,mature_path_adds_suppressed,pathstress-7728-7731,Price,PriceTouch,None,7733.125,7733.125,7733.125,2,2,quote-639234512313444330,quote-639234512313444330
ES,10634,10634,2026-08-27T18:13:56.180611Z,2026-08-27T18:13:56.180611Z,14:13:56,14:13:56,1,es-2026-08-27-short-upper-supply-vwap-7754-7756,BuildTrial,BuildTrial,SuppressAdd,no_add_zone,inside_no_add_zone,no-add-7728-7738,Price,PriceTouch,None,7733.375,7733.375,7733.375,2,2,quote-639234512361104368,quote-639234512361104368
ES,10636,10649,2026-08-27T18:13:56.932523Z,2026-08-27T18:14:12.433384Z,14:13:56,14:14:12,4,es-2026-08-27-short-upper-supply-vwap-7754-7756,BuildTrial,BuildTrial,SuppressAdd,path_stress,mature_path_adds_suppressed,pathstress-7728-7731,Price,PriceTouch,None,7733.125,7731.625,7733.125,2,2,quote-639234512366996903,quote-639234512522083378
ES,10653,10653,2026-08-27T18:14:12.700228Z,2026-08-27T18:14:12.700228Z,14:14:12,14:14:12,1,es-2026-08-27-short-upper-supply-vwap-7754-7756,BuildTrial,BuildTrial,SuppressAdd,no_add_zone,inside_no_add_zone,no-add-7728-7738,LevelLedger,RailOwned,Supply,7731.5,7731.5,7731.5,2,2,live-ll-47-RailOwned-639234512526880421,live-ll-47-RailOwned-639234512526880421
ES,10657,10661,2026-08-27T18:14:17.683418Z,2026-08-27T18:14:22.928177Z,14:14:17,14:14:22,2,es-2026-08-27-short-upper-supply-vwap-7754-7756,BuildTrial,BuildTrial,SuppressAdd,path_stress,mature_path_adds_suppressed,pathstress-7728-7731,Price,PriceTouch,None,7732.375,7732.375,7733.125,2,2,quote-639234512575079447,quote-639234512626955283
ES,10663,10706,2026-08-27T18:14:22.931753Z,2026-08-27T18:15:30.185283Z,14:14:22,14:15:30,14,es-2026-08-27-short-upper-supply-vwap-7754-7756,BuildTrial,BuildTrial,SuppressAdd,no_add_zone,inside_no_add_zone,no-add-7728-7738,Price,PriceTouch,None,7733.25,7733.25,7734.375,2,2,quote-639234512627734120,quote-639234513299555215
ES,10709,10709,2026-08-27T18:15:30.935741Z,2026-08-27T18:15:30.935741Z,14:15:30,14:15:30,1,es-2026-08-27-short-upper-supply-vwap-7754-7756,BuildTrial,BuildTrial,SuppressAdd,path_stress,mature_path_adds_suppressed,pathstress-7728-7731,Price,PriceTouch,None,7733.125,7733.125,7733.125,2,2,quote-639234513307896104,quote-639234513307896104
ES,10712,10719,2026-08-27T18:15:35.196245Z,2026-08-27T18:15:50.930094Z,14:15:35,14:15:50,4,es-2026-08-27-short-upper-supply-vwap-7754-7756,BuildTrial,BuildTrial,SuppressAdd,no_add_zone,inside_no_add_zone,no-add-7728-7738,Price,PriceTouch,None,7733.875,7733.875,7733.875,2,2,quote-639234513349813438,quote-639234513507172801
ES,10723,10723,2026-08-27T18:15:55.438316Z,2026-08-27T18:15:55.438316Z,14:15:55,14:15:55,1,es-2026-08-27-short-upper-supply-vwap-7754-7756,BuildTrial,BuildTrial,SuppressAdd,path_stress,mature_path_adds_suppressed,pathstress-7728-7731,Price,PriceTouch,None,7733.125,7733.125,7733.125,2,2,quote-639234513553496376,quote-639234513553496376
ES,10725,10729,2026-08-27T18:15:55.937868Z,2026-08-27T18:16:01.192766Z,14:15:55,14:16:01,2,es-2026-08-27-short-upper-supply-vwap-7754-7756,BuildTrial,BuildTrial,SuppressAdd,no_add_zone,inside_no_add_zone,no-add-7728-7738,Price,PriceTouch,None,7733.375,7733.375,7733.625,2,2,quote-639234513556994426,quote-639234513611351407
ES,10731,10731,2026-08-27T18:16:05.692384Z,2026-08-27T18:16:05.692384Z,14:16:05,14:16:05,1,es-2026-08-27-short-upper-supply-vwap-7754-7756,BuildTrial,BuildTrial,SuppressAdd,path_stress,mature_path_adds_suppressed,pathstress-7728-7731,Price,PriceTouch,None,7733.125,7733.125,7733.125,2,2,quote-639234513654633535,quote-639234513654633535
ES,10734,10738,2026-08-27T18:16:08.187572Z,2026-08-27T18:16:13.426677Z,14:16:08,14:16:13,2,es-2026-08-27-short-upper-supply-vwap-7754-7756,BuildTrial,BuildTrial,SuppressAdd,no_add_zone,inside_no_add_zone,no-add-7728-7738,Price,PriceTouch,None,7733.25,7733.25,7733.625,2,2,quote-639234513681610323,quote-639234513731939758
ES,10740,10771,2026-08-27T18:16:13.437420Z,2026-08-27T18:17:04.443088Z,14:16:13,14:17:04,11,es-2026-08-27-short-upper-supply-vwap-7754-7756,BuildTrial,BuildTrial,SuppressAdd,path_stress,mature_path_adds_suppressed,pathstress-7728-7731,Price,PriceTouch,None,7733.125,7732.125,7733.125,2,2,quote-639234513733273974,quote-639234514242381381
ES,10774,10774,2026-08-27T18:17:06.684204Z,2026-08-27T18:17:06.684204Z,14:17:06,14:17:06,1,es-2026-08-27-short-upper-supply-vwap-7754-7756,BuildTrial,BuildTrial,SuppressAdd,no_add_zone,inside_no_add_zone,no-add-7728-7738,Price,PriceTouch,None,7733.25,7733.25,7733.25,2,2,quote-639234514265093362,quote-639234514265093362
ES,10776,10776,2026-08-27T18:17:09.686819Z,2026-08-27T18:17:09.686819Z,14:17:09,14:17:09,1,es-2026-08-27-short-upper-supply-vwap-7754-7756,BuildTrial,BuildTrial,SuppressAdd,path_stress,mature_path_adds_suppressed,pathstress-7728-7731,Price,PriceTouch,None,7733.125,7733.125,7733.125,2,2,quote-639234514295773451,quote-639234514295773451
ES,10778,10778,2026-08-27T18:17:11.691116Z,2026-08-27T18:17:11.691116Z,14:17:11,14:17:11,1,es-2026-08-27-short-upper-supply-vwap-7754-7756,BuildTrial,BuildTrial,SuppressAdd,no_add_zone,inside_no_add_zone,no-add-7728-7738,Price,PriceTouch,None,7733.375,7733.375,7733.375,2,2,quote-639234514314660964,quote-639234514314660964
ES,10781,10781,2026-08-27T18:17:16.442045Z,2026-08-27T18:17:16.442045Z,14:17:16,14:17:16,1,es-2026-08-27-short-upper-supply-vwap-7754-7756,BuildTrial,BuildTrial,SuppressAdd,path_stress,mature_path_adds_suppressed,pathstress-7728-7731,Price,PriceTouch,None,7733.125,7733.125,7733.125,2,2,quote-639234514362243967,quote-639234514362243967
ES,10783,10786,2026-08-27T18:17:16.940513Z,2026-08-27T18:17:22.183722Z,14:17:16,14:17:22,2,es-2026-08-27-short-upper-supply-vwap-7754-7756,BuildTrial,BuildTrial,SuppressAdd,no_add_zone,inside_no_add_zone,no-add-7728-7738,Price,PriceTouch,None,7733.375,7733.375,7733.375,2,2,quote-639234514367218003,quote-639234514419725208
ES,10788,10791,2026-08-27T18:17:22.692601Z,2026-08-27T18:17:27.942813Z,14:17:22,14:17:27,2,es-2026-08-27-short-upper-supply-vwap-7754-7756,BuildTrial,BuildTrial,SuppressAdd,path_stress,mature_path_adds_suppressed,pathstress-7728-7731,Price,PriceTouch,None,7733.125,7733.125,7733.125,2,2,quote-639234514424415805,quote-639234514478634763
ES,10793,10793,2026-08-27T18:17:28.454518Z,2026-08-27T18:17:28.454518Z,14:17:28,14:17:28,1,es-2026-08-27-short-upper-supply-vwap-7754-7756,BuildTrial,BuildTrial,SuppressAdd,no_add_zone,inside_no_add_zone,no-add-7728-7738,Price,PriceTouch,None,7733.25,7733.25,7733.25,2,2,quote-639234514482851275,quote-639234514482851275
ES,10795,10799,2026-08-27T18:17:33.183165Z,2026-08-27T18:17:38.193738Z,14:17:33,14:17:38,2,es-2026-08-27-short-upper-supply-vwap-7754-7756,BuildTrial,BuildTrial,SuppressAdd,path_stress,mature_path_adds_suppressed,pathstress-7728-7731,Price,PriceTouch,None,7732.875,7732.875,7733.125,2,2,quote-639234514529483260,quote-639234514579620150
ES,10801,10857,2026-08-27T18:17:40.691216Z,2026-08-27T18:19:13.692597Z,14:17:40,14:19:13,19,es-2026-08-27-short-upper-supply-vwap-7754-7756,BuildTrial,BuildTrial,SuppressAdd,no_add_zone,inside_no_add_zone,no-add-7728-7738,Price,PriceTouch,None,7733.25,7733.25,7735.875,2,2,quote-639234514605264994,quote-639234515535265880
ES,10861,10861,2026-08-27T18:19:16.693650Z,2026-08-27T18:19:16.693650Z,14:19:16,14:19:16,1,es-2026-08-27-short-upper-supply-vwap-7754-7756,BuildTrial,BuildTrial,SuppressAdd,evaluate_zone,inside_evaluate_zone,evaluate-7738-7742,LevelLedger,RailTested,Supply,7736.0,7736.0,7736.0,2,2,live-ll-45-RailTested-639234515566880534,live-ll-45-RailTested-639234515566880534
ES,10864,10872,2026-08-27T18:19:18.694894Z,2026-08-27T18:19:34.192921Z,14:19:18,14:19:34,4,es-2026-08-27-short-upper-supply-vwap-7754-7756,BuildTrial,BuildTrial,SuppressAdd,no_add_zone,inside_no_add_zone,no-add-7728-7738,Price,PriceTouch,None,7736.125,7734.875,7736.125,2,2,quote-639234515585127097,quote-639234515739630020
ES,10875,10875,2026-08-27T18:19:35.942856Z,2026-08-27T18:19:35.942856Z,14:19:35,14:19:35,1,es-2026-08-27-short-upper-supply-vwap-7754-7756,BuildTrial,BuildTrial,SuppressAdd,evaluate_zone,inside_evaluate_zone,evaluate-7738-7742,LevelLedger,RailHeld,Supply,7734.5,7734.5,7734.5,2,2,live-ll-45-RailHeld-639234515759381546,live-ll-45-RailHeld-639234515759381546
ES,10877,11016,2026-08-27T18:19:39.448072Z,2026-08-27T18:23:31.718156Z,14:19:39,14:23:31,46,es-2026-08-27-short-upper-supply-vwap-7754-7756,BuildTrial,BuildTrial,SuppressAdd,no_add_zone,inside_no_add_zone,no-add-7728-7738,Price,PriceTouch,None,7734.375,7733.875,7735.625,2,2,quote-639234515792043448,quote-639234518114829276
ES,11018,11018,2026-08-27T18:23:32.460358Z,2026-08-27T18:23:32.460358Z,14:23:32,14:23:32,1,es-2026-08-27-short-upper-supply-vwap-7754-7756,BuildTrial,BuildTrial,SuppressAdd,path_stress,mature_path_adds_suppressed,pathstress-7728-7731,Price,PriceTouch,None,7733.125,7733.125,7733.125,2,2,quote-639234518124036878,quote-639234518124036878
ES,11022,11022,2026-08-27T18:23:36.962425Z,2026-08-27T18:23:36.962425Z,14:23:36,14:23:36,1,es-2026-08-27-short-upper-supply-vwap-7754-7756,BuildTrial,BuildTrial,SuppressAdd,no_add_zone,inside_no_add_zone,no-add-7728-7738,Price,PriceTouch,None,7733.375,7733.375,7733.375,2,2,quote-639234518167324422,quote-639234518167324422
ES,11024,11024,2026-08-27T18:23:38.751075Z,2026-08-27T18:23:38.751075Z,14:23:38,14:23:38,1,es-2026-08-27-short-upper-supply-vwap-7754-7756,BuildTrial,BuildTrial,SuppressAdd,path_stress,mature_path_adds_suppressed,pathstress-7728-7731,Price,PriceTouch,None,7733.125,7733.125,7733.125,2,2,quote-639234518184883780,quote-639234518184883780
ES,11026,11026,2026-08-27T18:23:42.195590Z,2026-08-27T18:23:42.195590Z,14:23:42,14:23:42,1,es-2026-08-27-short-upper-supply-vwap-7754-7756,BuildTrial,BuildTrial,SuppressAdd,no_add_zone,inside_no_add_zone,no-add-7728-7738,Price,PriceTouch,None,7733.375,7733.375,7733.375,2,2,quote-639234518220407232,quote-639234518220407232
ES,11029,11029,2026-08-27T18:23:43.712023Z,2026-08-27T18:23:43.712023Z,14:23:43,14:23:43,1,es-2026-08-27-short-upper-supply-vwap-7754-7756,BuildTrial,BuildTrial,SuppressAdd,path_stress,mature_path_adds_suppressed,pathstress-7728-7731,Price,PriceTouch,None,7733.125,7733.125,7733.125,2,2,quote-639234518235339656,quote-639234518235339656
ES,11032,11032,2026-08-27T18:23:47.197392Z,2026-08-27T18:23:47.197392Z,14:23:47,14:23:47,1,es-2026-08-27-short-upper-supply-vwap-7754-7756,BuildTrial,BuildTrial,SuppressAdd,no_add_zone,inside_no_add_zone,no-add-7728-7738,Price,PriceTouch,None,7733.375,7733.375,7733.375,2,2,quote-639234518269720258,quote-639234518269720258
ES,11035,11035,2026-08-27T18:23:48.955675Z,2026-08-27T18:23:48.955675Z,14:23:48,14:23:48,1,es-2026-08-27-short-upper-supply-vwap-7754-7756,BuildTrial,BuildTrial,SuppressAdd,path_stress,mature_path_adds_suppressed,pathstress-7728-7731,Price,PriceTouch,None,7733.125,7733.125,7733.125,2,2,quote-639234518288167793,quote-639234518288167793
ES,11037,11037,2026-08-27T18:23:52.217000Z,2026-08-27T18:23:52.217000Z,14:23:52,14:23:52,1,es-2026-08-27-short-upper-supply-vwap-7754-7756,BuildTrial,BuildTrial,SuppressAdd,no_add_zone,inside_no_add_zone,no-add-7728-7738,Price,PriceTouch,None,7733.375,7733.375,7733.375,2,2,quote-639234518319702613,quote-639234518319702613
ES,11039,11045,2026-08-27T18:23:54.206918Z,2026-08-27T18:24:04.361026Z,14:23:54,14:24:04,3,es-2026-08-27-short-upper-supply-vwap-7754-7756,BuildTrial,BuildTrial,SuppressAdd,path_stress,mature_path_adds_suppressed,pathstress-7728-7731,Price,PriceTouch,None,7733.125,7732.125,7733.125,2,2,quote-639234518340251897,quote-639234518441489378
ES,11049,11049,2026-08-27T18:24:04.608032Z,2026-08-27T18:24:04.608032Z,14:24:04,14:24:04,1,es-2026-08-27-short-upper-supply-vwap-7754-7756,BuildTrial,BuildTrial,SuppressAdd,no_add_zone,inside_no_add_zone,no-add-7728-7738,LevelLedger,RailHeld,Supply,7731.75,7731.75,7731.75,2,2,live-ll-47-RailHeld-639234518446041698,live-ll-47-RailHeld-639234518446041698
ES,11054,11106,2026-08-27T18:24:09.621531Z,2026-08-27T18:25:21.647174Z,14:24:09,14:25:21,15,es-2026-08-27-short-upper-supply-vwap-7754-7756,BuildTrial,BuildTrial,SuppressAdd,path_stress,mature_path_adds_suppressed,pathstress-7728-7731,Price,PriceTouch,None,7732.375,7731.625,7732.625,2,2,quote-639234518493802356,quote-639234519213740523
ES,11110,11110,2026-08-27T18:25:25.382906Z,2026-08-27T18:25:25.382906Z,14:25:25,14:25:25,1,es-2026-08-27-short-upper-supply-vwap-7754-7756,BuildTrial,BuildTrial,SuppressAdd,no_add_zone,inside_no_add_zone,no-add-7728-7738,LevelLedger,RailOwned,Supply,7731.25,7731.25,7731.25,2,2,live-ll-51-RailOwned-639234519253660078,live-ll-51-RailOwned-639234519253660078
ES,11112,11352,2026-08-27T18:25:26.867152Z,2026-08-27T18:31:48.386303Z,14:25:26,14:31:48,67,es-2026-08-27-short-upper-supply-vwap-7754-7756,BuildTrial,BuildTrial,SuppressAdd,path_stress,mature_path_adds_suppressed,pathstress-7728-7731,Price,PriceTouch,None,7731.375,7725.875,7731.375,2,2,quote-639234519267197462,quote-639234523082783936
ES,11356,11356,2026-08-27T18:31:48.647386Z,2026-08-27T18:31:48.647386Z,14:31:48,14:31:48,1,es-2026-08-27-short-upper-supply-vwap-7754-7756,BuildTrial,Retired,Retire,target_zone,opposite_ownership_at_target,target-7728-7729-50,LevelLedger,RailOwned,Demand,7729.0,7729.0,7729.0,2,0,live-ll-54-RailOwned-639234523086359865,live-ll-54-RailOwned-639234523086359865
NQ,11145,11145,2026-08-27T14:01:16.042443Z,2026-08-27T14:01:16.042443Z,10:01:16,10:01:16,1,nq-2026-08-27-long-orr-29480-29520,Ready,ProbeOpen,AllowProbe,trap_probe,counter_claim_failed_at_trap_probe,probe-29480-29520,LevelLedger,RailFailed,Supply,29516.0,29516.0,29516.0,0,2,live-ll-30-RailFailed-639234360760233151,live-ll-30-RailFailed-639234360760233151
NQ,11151,11406,2026-08-27T14:01:16.167952Z,2026-08-27T14:06:33.781654Z,10:01:16,10:06:33,49,nq-2026-08-27-long-orr-29480-29520,ProbeOpen,ProbeOpen,SuppressAdd,no_add_zone,inside_no_add_zone,no-add-29480-29540,Price,PriceTouch,None,29511.875,29505.375,29541.125,2,2,quote-639234360758228613,quote-639234363935527831
NQ,11409,11409,2026-08-27T14:06:34.530320Z,2026-08-27T14:06:34.530320Z,10:06:34,10:06:34,1,nq-2026-08-27-long-orr-29480-29520,ProbeOpen,ProbeOpen,SuppressAdd,repair_hold,non_causal_adverse_claim,,LevelLedger,RailOwned,Supply,29531.0,29531.0,29531.0,2,2,live-ll-34-RailOwned-639234363945271850,live-ll-34-RailOwned-639234363945271850
NQ,11414,11431,2026-08-27T14:06:38.787456Z,2026-08-27T14:06:59.282922Z,10:06:38,10:06:59,5,nq-2026-08-27-long-orr-29480-29520,ProbeOpen,ProbeOpen,SuppressAdd,no_add_zone,inside_no_add_zone,no-add-29480-29540,Price,PriceTouch,None,29535.25,29517.25,29536.5,2,2,quote-639234363985249765,quote-639234364190238264
NQ,11436,11436,2026-08-27T14:07:03.540124Z,2026-08-27T14:07:03.540124Z,10:07:03,10:07:03,1,nq-2026-08-27-long-orr-29480-29520,ProbeOpen,Ready,Flatten,build_trial,risk_anchor_failed,,LevelLedger,RailFailed,Demand,29508.5,29508.5,29508.5,2,0,live-ll-32-RailFailed-639234364235363625,live-ll-32-RailFailed-639234364235363625
NQ,11459,11459,2026-08-27T14:07:08.039280Z,2026-08-27T14:07:08.039280Z,10:07:08,10:07:08,1,nq-2026-08-27-long-orr-29480-29520,Ready,ProbeOpen,AllowProbe,trap_probe,same_side_lean_at_trap_probe,probe-29480-29520,LevelLedger,RailHeld,Demand,29517.25,29517.25,29517.25,0,2,live-ll-33-RailHeld-639234364280320403,live-ll-33-RailHeld-639234364280320403
NQ,11463,11509,2026-08-27T14:07:08.212208Z,2026-08-27T14:07:49.274598Z,10:07:08,10:07:49,9,nq-2026-08-27-long-orr-29480-29520,ProbeOpen,ProbeOpen,SuppressAdd,no_add_zone,inside_no_add_zone,no-add-29480-29540,Price,PriceTouch,None,29517.75,29517.75,29535.625,2,2,quote-639234364278044995,quote-639234364690558655
NQ,11515,11515,2026-08-27T14:07:54.570126Z,2026-08-27T14:07:54.570126Z,10:07:54,10:07:54,1,nq-2026-08-27-long-orr-29480-29520,ProbeOpen,ProbeOpen,SuppressAdd,no_add_zone,inside_no_add_zone,no-add-29480-29540,LevelLedger,RailFailed,Supply,29546.75,29546.75,29546.75,2,2,live-ll-35-RailFailed-639234364745510234,live-ll-35-RailFailed-639234364745510234
NQ,11522,11591,2026-08-27T14:08:00.286681Z,2026-08-27T14:09:17.034924Z,10:08:00,10:09:17,16,nq-2026-08-27-long-orr-29480-29520,ProbeOpen,ProbeOpen,SuppressAdd,no_add_zone,inside_no_add_zone,no-add-29480-29540,Price,PriceTouch,None,29541.125,29509.375,29541.125,2,2,quote-639234364801144075,quote-639234365567896559
NQ,11598,11598,2026-08-27T14:09:22.044409Z,2026-08-27T14:09:22.044409Z,10:09:22,10:09:22,1,nq-2026-08-27-long-orr-29480-29520,ProbeOpen,ProbeOpen,SuppressAdd,no_add_zone,inside_no_add_zone,no-add-29480-29540,LevelLedger,RailTested,Supply,29528.0,29528.0,29528.0,2,2,live-ll-37-RailTested-639234365620391648,live-ll-37-RailTested-639234365620391648
NQ,11603,11618,2026-08-27T14:09:27.280610Z,2026-08-27T14:09:42.540764Z,10:09:27,10:09:42,4,nq-2026-08-27-long-orr-29480-29520,ProbeOpen,ProbeOpen,SuppressAdd,no_add_zone,inside_no_add_zone,no-add-29480-29540,Price,PriceTouch,None,29523.125,29523.0,29529.375,2,2,quote-639234365671025656,quote-639234365823051954
NQ,11625,11625,2026-08-27T14:09:47.549150Z,2026-08-27T14:09:47.549150Z,10:09:47,10:09:47,1,nq-2026-08-27-long-orr-29480-29520,ProbeOpen,ProbeOpen,SuppressAdd,no_add_zone,inside_no_add_zone,no-add-29480-29540,LevelLedger,RailFailed,Supply,29535.5,29535.5,29535.5,2,2,live-ll-39-RailFailed-639234365875364924,live-ll-39-RailFailed-639234365875364924
NQ,11631,11653,2026-08-27T14:09:52.789874Z,2026-08-27T14:10:18.542915Z,10:09:52,10:10:18,5,nq-2026-08-27-long-orr-29480-29520,ProbeOpen,ProbeOpen,SuppressAdd,no_add_zone,inside_no_add_zone,no-add-29480-29540,Price,PriceTouch,None,29533.125,29523.5,29541.125,2,2,quote-639234365925642270,quote-639234366184800435
NQ,11732,11732,2026-08-27T14:12:51.287868Z,2026-08-27T14:12:51.287868Z,10:12:51,10:12:51,1,nq-2026-08-27-long-orr-29480-29520,ProbeOpen,BuildTrial,HoldRoot,build_trial,build_trial_alive,build-29540-29660,LevelLedger,RailOwned,Demand,29569.0,29569.0,29569.0,2,2,live-ll-40-RailOwned-639234367712833367,live-ll-40-RailOwned-639234367712833367
NQ,11735,11735,2026-08-27T14:12:51.289128Z,2026-08-27T14:12:51.289128Z,10:12:51,10:12:51,1,nq-2026-08-27-long-orr-29480-29520,BuildTrial,BuildTrial,HoldRoot,build_trial,build_trial_alive,build-29540-29660,LevelLedger,RailOwned,Demand,29569.0,29569.0,29569.0,2,2,live-ll-41-RailOwned-639234367712833367,live-ll-41-RailOwned-639234367712833367
NQ,11742,11763,2026-08-27T14:12:56.795709Z,2026-08-27T14:13:25.790418Z,10:12:56,10:13:25,4,nq-2026-08-27-long-orr-29480-29520,BuildTrial,BuildTrial,HoldRoot,build_trial,build_trial_alive,build-29540-29660,LevelLedger,RailHeld,Demand,29568.5,29568.5,29569.25,2,2,live-ll-40-RailHeld-639234367767922246,live-ll-40-RailHeld-639234368057876871
NQ,11776,11776,2026-08-27T14:13:49.305374Z,2026-08-27T14:13:49.305374Z,10:13:49,10:13:49,1,nq-2026-08-27-long-orr-29480-29520,BuildTrial,BuildTrial,HoldRoot,build_trial,build_trial_alive,build-29540-29660,LevelLedger,RailOwned,Demand,29581.5,29581.5,29581.5,2,2,live-ll-42-RailOwned-639234368293012969,live-ll-42-RailOwned-639234368293012969
NQ,11783,11783,2026-08-27T14:13:58.803288Z,2026-08-27T14:13:58.803288Z,10:13:58,10:13:58,1,nq-2026-08-27-long-orr-29480-29520,BuildTrial,BuildTrial,HoldRoot,build_trial,build_trial_alive,build-29540-29660,LevelLedger,RailHeld,Demand,29583.75,29583.75,29583.75,2,2,live-ll-42-RailHeld-639234368388005111,live-ll-42-RailHeld-639234368388005111
NQ,11802,11802,2026-08-27T14:14:41.305289Z,2026-08-27T14:14:41.305289Z,10:14:41,10:14:41,1,nq-2026-08-27-long-orr-29480-29520,BuildTrial,Ready,Flatten,build_trial,risk_anchor_failed,,LevelLedger,RailFailed,Demand,29569.0,29569.0,29569.0,2,0,live-ll-42-RailFailed-639234368813018800,live-ll-42-RailFailed-639234368813018800
NQ,12142,12142,2026-08-27T14:57:18.901127Z,2026-08-27T14:57:18.901127Z,10:57:18,10:57:18,1,nq-2026-08-27-long-postib-uppernode-29572-29612,Ready,ProbeOpen,AllowProbe,trap_probe,counter_claim_failed_at_trap_probe,probe-29572-29594,LevelLedger,RailFailed,Supply,29584.75,29584.75,29584.75,0,2,live-ll-69-RailFailed-639234394388822903,live-ll-69-RailFailed-639234394388822903
NQ,12148,12306,2026-08-27T14:57:19.023896Z,2026-08-27T14:59:58.143023Z,10:57:19,10:59:58,32,nq-2026-08-27-long-postib-uppernode-29572-29612,ProbeOpen,ProbeOpen,SuppressAdd,no_add_zone,inside_no_add_zone,no-add-29572-29616,Price,PriceTouch,None,29582.625,29577.25,29601.25,2,2,quote-639234394386296145,quote-639234395979018204
NQ,12312,12312,2026-08-27T15:00:03.148668Z,2026-08-27T15:00:03.148668Z,11:00:03,11:00:03,1,nq-2026-08-27-long-postib-uppernode-29572-29612,ProbeOpen,ProbeOpen,SuppressAdd,no_add_zone,inside_no_add_zone,no-add-29572-29616,LevelLedger,RailOwned,Demand,29597.5,29597.5,29597.5,2,2,live-ll-74-RailOwned-639234396031423332,live-ll-74-RailOwned-639234396031423332
NQ,12318,12360,2026-08-27T15:00:08.382293Z,2026-08-27T15:00:53.894670Z,11:00:08,11:00:53,10,nq-2026-08-27-long-postib-uppernode-29572-29612,ProbeOpen,ProbeOpen,SuppressAdd,no_add_zone,inside_no_add_zone,no-add-29572-29616,Price,PriceTouch,None,29597.875,29594.125,29604.25,2,2,quote-639234396081684534,quote-639234396537277580
NQ,12366,12366,2026-08-27T15:00:55.394884Z,2026-08-27T15:00:55.394884Z,11:00:55,11:00:55,1,nq-2026-08-27-long-postib-uppernode-29572-29612,ProbeOpen,ProbeOpen,SuppressAdd,evaluate_zone,inside_evaluate_zone,evaluate-29608-29616,Price,PriceTouch,None,29606.875,29606.875,29606.875,2,2,quote-639234396553232479,quote-639234396553232479
NQ,12369,12369,2026-08-27T15:00:59.142335Z,2026-08-27T15:00:59.142335Z,11:00:59,11:00:59,1,nq-2026-08-27-long-postib-uppernode-29572-29612,ProbeOpen,ProbeOpen,SuppressAdd,no_add_zone,inside_no_add_zone,no-add-29572-29616,Price,PriceTouch,None,29605.125,29605.125,29605.125,2,2,quote-639234396589690446,quote-639234396589690446
NQ,12373,12373,2026-08-27T15:01:03.885050Z,2026-08-27T15:01:03.885050Z,11:01:03,11:01:03,1,nq-2026-08-27-long-postib-uppernode-29572-29612,ProbeOpen,ProbeOpen,SuppressAdd,evaluate_zone,inside_evaluate_zone,evaluate-29608-29616,Price,PriceTouch,None,29606.875,29606.875,29606.875,2,2,quote-639234396637813945,quote-639234396637813945
NQ,12375,12375,2026-08-27T15:01:04.390848Z,2026-08-27T15:01:04.390848Z,11:01:04,11:01:04,1,nq-2026-08-27-long-postib-uppernode-29572-29612,ProbeOpen,ProbeOpen,SuppressAdd,no_add_zone,inside_no_add_zone,no-add-29572-29616,Price,PriceTouch,None,29606.375,29606.375,29606.375,2,2,quote-639234396642129543,quote-639234396642129543
NQ,12378,12378,2026-08-27T15:01:09.140406Z,2026-08-27T15:01:09.140406Z,11:01:09,11:01:09,1,nq-2026-08-27-long-postib-uppernode-29572-29612,ProbeOpen,ProbeOpen,SuppressAdd,evaluate_zone,inside_evaluate_zone,evaluate-29608-29616,Price,PriceTouch,None,29606.875,29606.875,29606.875,2,2,quote-639234396689322660,quote-639234396689322660
NQ,12380,12380,2026-08-27T15:01:09.643964Z,2026-08-27T15:01:09.643964Z,11:01:09,11:01:09,1,nq-2026-08-27-long-postib-uppernode-29572-29612,ProbeOpen,ProbeOpen,SuppressAdd,no_add_zone,inside_no_add_zone,no-add-29572-29616,Price,PriceTouch,None,29606.25,29606.25,29606.25,2,2,quote-639234396694691649,quote-639234396694691649
NQ,12384,12384,2026-08-27T15:01:14.638820Z,2026-08-27T15:01:14.638820Z,11:01:14,11:01:14,1,nq-2026-08-27-long-postib-uppernode-29572-29612,ProbeOpen,ProbeOpen,SuppressAdd,evaluate_zone,inside_evaluate_zone,evaluate-29608-29616,Price,PriceTouch,None,29606.875,29606.875,29606.875,2,2,quote-639234396744774193,quote-639234396744774193
NQ,12387,12387,2026-08-27T15:01:14.898587Z,2026-08-27T15:01:14.898587Z,11:01:14,11:01:14,1,nq-2026-08-27-long-postib-uppernode-29572-29612,ProbeOpen,ProbeOpen,SuppressAdd,no_add_zone,inside_no_add_zone,no-add-29572-29616,LevelLedger,RailFailed,Supply,29606.5,29606.5,29606.5,2,2,live-ll-66-RailFailed-639234396748955943,live-ll-66-RailFailed-639234396748955943
NQ,12393,12393,2026-08-27T15:01:19.900782Z,2026-08-27T15:01:19.900782Z,11:01:19,11:01:19,1,nq-2026-08-27-long-postib-uppernode-29572-29612,ProbeOpen,ProbeOpen,SuppressAdd,no_add_zone,inside_no_add_zone,no-add-29572-29616,Price,PriceTouch,None,29605.125,29605.125,29605.125,2,2,quote-639234396796651765,quote-639234396796651765
NQ,12396,12396,2026-08-27T15:01:22.397259Z,2026-08-27T15:01:22.397259Z,11:01:22,11:01:22,1,nq-2026-08-27-long-postib-uppernode-29572-29612,ProbeOpen,ProbeOpen,SuppressAdd,evaluate_zone,inside_evaluate_zone,evaluate-29608-29616,Price,PriceTouch,None,29606.875,29606.875,29606.875,2,2,quote-639234396822320755,quote-639234396822320755
NQ,12401,12404,2026-08-27T15:01:25.144155Z,2026-08-27T15:01:30.140072Z,11:01:25,11:01:30,2,nq-2026-08-27-long-postib-uppernode-29572-29612,ProbeOpen,ProbeOpen,SuppressAdd,no_add_zone,inside_no_add_zone,no-add-29572-29616,Price,PriceTouch,None,29605.5,29605.5,29605.875,2,2,quote-639234396849027231,quote-639234396899143482
NQ,12408,12408,2026-08-27T15:01:34.897867Z,2026-08-27T15:01:34.897867Z,11:01:34,11:01:34,1,nq-2026-08-27-long-postib-uppernode-29572-29612,ProbeOpen,ProbeOpen,SuppressAdd,evaluate_zone,inside_evaluate_zone,evaluate-29608-29616,Price,PriceTouch,None,29606.875,29606.875,29606.875,2,2,quote-639234396946511363,quote-639234396946511363
NQ,12411,12411,2026-08-27T15:01:36.150766Z,2026-08-27T15:01:36.150766Z,11:01:36,11:01:36,1,nq-2026-08-27-long-postib-uppernode-29572-29612,ProbeOpen,ProbeOpen,SuppressAdd,no_add_zone,inside_no_add_zone,no-add-29572-29616,Price,PriceTouch,None,29606.75,29606.75,29606.75,2,2,quote-639234396959775064,quote-639234396959775064
NQ,12417,12417,2026-08-27T15:01:40.137813Z,2026-08-27T15:01:40.137813Z,11:01:40,11:01:40,1,nq-2026-08-27-long-postib-uppernode-29572-29612,ProbeOpen,ProbeOpen,SuppressAdd,evaluate_zone,inside_evaluate_zone,evaluate-29608-29616,Price,PriceTouch,None,29608.625,29608.625,29608.625,2,2,quote-639234396999143520,quote-639234396999143520
NQ,12420,12424,2026-08-27T15:01:42.423003Z,2026-08-27T15:01:47.390787Z,11:01:42,11:01:47,2,nq-2026-08-27-long-postib-uppernode-29572-29612,ProbeOpen,ProbeOpen,SuppressAdd,no_add_zone,inside_no_add_zone,no-add-29572-29616,Price,PriceTouch,None,29606.75,29606.5,29606.75,2,2,quote-639234397022497742,quote-639234397072063039
NQ,12426,12426,2026-08-27T15:01:47.402016Z,2026-08-27T15:01:47.402016Z,11:01:47,11:01:47,1,nq-2026-08-27-long-postib-uppernode-29572-29612,ProbeOpen,ProbeOpen,SuppressAdd,evaluate_zone,inside_evaluate_zone,evaluate-29608-29616,Price,PriceTouch,None,29606.875,29606.875,29606.875,2,2,quote-639234397072889392,quote-639234397072889392
NQ,12432,12432,2026-08-27T15:01:52.647023Z,2026-08-27T15:01:52.647023Z,11:01:52,11:01:52,1,nq-2026-08-27-long-postib-uppernode-29572-29612,ProbeOpen,ProbeOpen,SuppressAdd,evaluate_zone,inside_evaluate_zone,evaluate-29608-29616,LevelLedger,RailTested,Supply,29612.75,29612.75,29612.75,2,2,live-ll-51-RailTested-639234397126376597,live-ll-51-RailTested-639234397126376597
NQ,12437,12437,2026-08-27T15:01:57.892428Z,2026-08-27T15:01:57.892428Z,11:01:57,11:01:57,1,nq-2026-08-27-long-postib-uppernode-29572-29612,ProbeOpen,ProbeOpen,SuppressAdd,evaluate_zone,inside_evaluate_zone,evaluate-29608-29616,Price,PriceTouch,None,29611.875,29611.875,29611.875,2,2,quote-639234397177029405,quote-639234397177029405
NQ,12441,12441,2026-08-27T15:02:03.147596Z,2026-08-27T15:02:03.147596Z,11:02:03,11:02:03,1,nq-2026-08-27-long-postib-uppernode-29572-29612,ProbeOpen,ProbeOpen,SuppressAdd,evaluate_zone,inside_evaluate_zone,evaluate-29608-29616,LevelLedger,RailTested,Supply,29614.0,29614.0,29614.0,2,2,live-ll-51-RailTested-639234397231386121,live-ll-51-RailTested-639234397231386121
NQ,12445,12488,2026-08-27T15:02:08.416289Z,2026-08-27T15:02:54.397110Z,11:02:08,11:02:54,10,nq-2026-08-27-long-postib-uppernode-29572-29612,ProbeOpen,ProbeOpen,SuppressAdd,evaluate_zone,inside_evaluate_zone,evaluate-29608-29616,Price,PriceTouch,None,29612.875,29609.5,29614.375,2,2,quote-639234397281843387,quote-639234397741658055
NQ,12491,12491,2026-08-27T15:02:58.162373Z,2026-08-27T15:02:58.162373Z,11:02:58,11:02:58,1,nq-2026-08-27-long-postib-uppernode-29572-29612,ProbeOpen,ProbeOpen,SuppressAdd,no_add_zone,inside_no_add_zone,no-add-29572-29616,Price,PriceTouch,None,29606.625,29606.625,29606.625,2,2,quote-639234397780379878,quote-639234397780379878
NQ,12493,12501,2026-08-27T15:02:59.398696Z,2026-08-27T15:03:09.652295Z,11:02:59,11:03:09,3,nq-2026-08-27-long-postib-uppernode-29572-29612,ProbeOpen,ProbeOpen,SuppressAdd,evaluate_zone,inside_evaluate_zone,evaluate-29608-29616,Price,PriceTouch,None,29607.625,29607.625,29613.25,2,2,quote-639234397791872564,quote-639234397895246465
NQ,12506,12506,2026-08-27T15:03:14.896851Z,2026-08-27T15:03:14.896851Z,11:03:14,11:03:14,1,nq-2026-08-27-long-postib-uppernode-29572-29612,ProbeOpen,ProbeOpen,SuppressAdd,evaluate_zone,inside_evaluate_zone,evaluate-29608-29616,LevelLedger,RailHeld,Supply,29610.75,29610.75,29610.75,2,2,live-ll-51-RailHeld-639234397948934032,live-ll-51-RailHeld-639234397948934032
NQ,12510,12510,2026-08-27T15:03:19.647354Z,2026-08-27T15:03:19.647354Z,11:03:19,11:03:19,1,nq-2026-08-27-long-postib-uppernode-29572-29612,ProbeOpen,ProbeOpen,SuppressAdd,no_add_zone,inside_no_add_zone,no-add-29572-29616,Price,PriceTouch,None,29606.75,29606.75,29606.75,2,2,quote-639234397995035111,quote-639234397995035111
NQ,12512,12512,2026-08-27T15:03:19.903080Z,2026-08-27T15:03:19.903080Z,11:03:19,11:03:19,1,nq-2026-08-27-long-postib-uppernode-29572-29612,ProbeOpen,ProbeOpen,SuppressAdd,evaluate_zone,inside_evaluate_zone,evaluate-29608-29616,Price,PriceTouch,None,29606.875,29606.875,29606.875,2,2,quote-639234397996876371,quote-639234397996876371
NQ,12517,12517,2026-08-27T15:03:24.900995Z,2026-08-27T15:03:24.900995Z,11:03:24,11:03:24,1,nq-2026-08-27-long-postib-uppernode-29572-29612,ProbeOpen,ProbeOpen,SuppressAdd,no_add_zone,inside_no_add_zone,no-add-29572-29616,Price,PriceTouch,None,29604.125,29604.125,29604.125,2,2,quote-639234398047258603,quote-639234398047258603
NQ,12521,12521,2026-08-27T15:03:28.681812Z,2026-08-27T15:03:28.681812Z,11:03:28,11:03:28,1,nq-2026-08-27-long-postib-uppernode-29572-29612,ProbeOpen,ProbeOpen,SuppressAdd,evaluate_zone,inside_evaluate_zone,evaluate-29608-29616,Price,PriceTouch,None,29606.875,29606.875,29606.875,2,2,quote-639234398086324290,quote-639234398086324290
NQ,12523,12523,2026-08-27T15:03:29.919262Z,2026-08-27T15:03:29.919262Z,11:03:29,11:03:29,1,nq-2026-08-27-long-postib-uppernode-29572-29612,ProbeOpen,ProbeOpen,SuppressAdd,no_add_zone,inside_no_add_zone,no-add-29572-29616,Price,PriceTouch,None,29606.75,29606.75,29606.75,2,2,quote-639234398097143897,quote-639234398097143897
NQ,12528,12528,2026-08-27T15:03:34.143319Z,2026-08-27T15:03:34.143319Z,11:03:34,11:03:34,1,nq-2026-08-27-long-postib-uppernode-29572-29612,ProbeOpen,ProbeOpen,SuppressAdd,evaluate_zone,inside_evaluate_zone,evaluate-29608-29616,Price,PriceTouch,None,29606.875,29606.875,29606.875,2,2,quote-639234398139475822,quote-639234398139475822
NQ,12530,12534,2026-08-27T15:03:35.138691Z,2026-08-27T15:03:40.141959Z,11:03:35,11:03:40,2,nq-2026-08-27-long-postib-uppernode-29572-29612,ProbeOpen,ProbeOpen,SuppressAdd,no_add_zone,inside_no_add_zone,no-add-29572-29616,Price,PriceTouch,None,29604.875,29599.75,29604.875,2,2,quote-639234398148896078,quote-639234398199313060
NQ,12537,12537,2026-08-27T15:03:42.146469Z,2026-08-27T15:03:42.146469Z,11:03:42,11:03:42,1,nq-2026-08-27-long-postib-uppernode-29572-29612,ProbeOpen,Ready,Reduce,evaluate_zone,evaluate_opposite_ownership,evaluate-29608-29616,LevelLedger,RailOwned,Supply,29595.25,29595.25,29595.25,2,0,live-ll-77-RailOwned-639234398221397474,live-ll-77-RailOwned-639234398221397474
NQ,12831,12831,2026-08-27T15:25:59.437662Z,2026-08-27T15:25:59.437662Z,11:25:59,11:25:59,1,nq-2026-08-27-long-postib-uppernode-29572-29612,Ready,ProbeOpen,AllowProbe,trap_probe,same_side_lean_at_trap_probe,probe-29572-29594,LevelLedger,RailHeld,Demand,29591.0,29591.0,29591.0,0,2,live-ll-72-RailHeld-639234411594344739,live-ll-72-RailHeld-639234411594344739
NQ,12835,12864,2026-08-27T15:25:59.872778Z,2026-08-27T15:26:09.689776Z,11:25:59,11:26:09,3,nq-2026-08-27-long-postib-uppernode-29572-29612,ProbeOpen,ProbeOpen,SuppressAdd,no_add_zone,inside_no_add_zone,no-add-29572-29616,Price,PriceTouch,None,29590.5,29590.5,29591.75,2,2,quote-639234411591948840,quote-639234411695131108
NQ,12869,12869,2026-08-27T15:26:14.949195Z,2026-08-27T15:26:14.949195Z,11:26:14,11:26:14,1,nq-2026-08-27-long-postib-uppernode-29572-29612,ProbeOpen,ProbeOpen,SuppressAdd,no_add_zone,inside_no_add_zone,no-add-29572-29616,LevelLedger,RailTested,Demand,29586.75,29586.75,29586.75,2,2,live-ll-72-RailTested-639234411749463513,live-ll-72-RailTested-639234411749463513
NQ,12874,12878,2026-08-27T15:26:19.951967Z,2026-08-27T15:26:25.186392Z,11:26:19,11:26:25,2,nq-2026-08-27-long-postib-uppernode-29572-29612,ProbeOpen,ProbeOpen,SuppressAdd,no_add_zone,inside_no_add_zone,no-add-29572-29616,Price,PriceTouch,None,29583.75,29583.75,29585.25,2,2,quote-639234411797907185,quote-639234411849469113
NQ,12884,12884,2026-08-27T15:26:30.200233Z,2026-08-27T15:26:30.200233Z,11:26:30,11:26:30,1,nq-2026-08-27-long-postib-uppernode-29572-29612,ProbeOpen,ProbeOpen,SuppressAdd,no_add_zone,inside_no_add_zone,no-add-29572-29616,LevelLedger,RailHeld,Demand,29589.75,29589.75,29589.75,2,2,live-ll-72-RailHeld-639234411901973791,live-ll-72-RailHeld-639234411901973791
NQ,12888,13047,2026-08-27T15:26:35.448543Z,2026-08-27T15:29:31.197516Z,11:26:35,11:29:31,35,nq-2026-08-27-long-postib-uppernode-29572-29612,ProbeOpen,ProbeOpen,SuppressAdd,no_add_zone,inside_no_add_zone,no-add-29572-29616,Price,PriceTouch,None,29590.5,29579.125,29595.25,2,2,quote-639234411952066548,quote-639234413709845968
NQ,13051,13051,2026-08-27T15:29:34.203942Z,2026-08-27T15:29:34.203942Z,11:29:34,11:29:34,1,nq-2026-08-27-long-postib-uppernode-29572-29612,ProbeOpen,Ready,Flatten,build_trial,risk_anchor_failed,,LevelLedger,RailFailed,Demand,29577.5,29577.5,29577.5,2,0,live-ll-72-RailFailed-639234413741969694,live-ll-72-RailFailed-639234413741969694
